{
  "organoid_id": "day4p5-more_C03_139",
  "surface_area": 186.06165428235803,
  "volume": 235.2195587158203,
  "t_value": 1.0,
  "complexity": 0.972495736311875
}