{
  "organoid_id": "day4p5-more_C02_21",
  "surface_area": 133.41487826767917,
  "volume": 138.9500274658203,
  "t_value": 1.0,
  "complexity": 0.9920910686674002
}