{
  "organoid_id": "day4_A06_17",
  "surface_area": 215.8020148738775,
  "volume": 277.0295715332031,
  "t_value": 1.0,
  "complexity": 2.2949474638730343
}