{
  "organoid_id": "day4_A05_69",
  "surface_area": 187.31411241705564,
  "volume": 228.58741760253906,
  "t_value": 1.0,
  "complexity": 2.285215413269741
}