{
  "organoid_id": "day4_A02_44",
  "surface_area": 541.3252107520285,
  "volume": 899.970703125,
  "t_value": 1.0,
  "complexity": NaN
}