{
  "organoid_id": "day4p5-more_C02_23",
  "surface_area": 177.35006478996138,
  "volume": 216.4659881591797,
  "t_value": 1.0,
  "complexity": 0.9814639474060588
}