{
  "organoid_id": "day4p5-more_C03_115",
  "surface_area": 243.4555650882593,
  "volume": 287.9049377441406,
  "t_value": 1.0,
  "complexity": 3.4895158829253754
}