{
  "organoid_id": "day4_A05_29",
  "surface_area": 296.44836624450886,
  "volume": 438.3388977050781,
  "t_value": 1.0,
  "complexity": 2.557210873096637
}