{
  "organoid_id": "day4_B01_27",
  "surface_area": 187.44287467955385,
  "volume": 214.91592407226562,
  "t_value": 1.0,
  "complexity": 2.9529741415884967
}