{
  "organoid_id": "day4p5_A06_75",
  "surface_area": 459.52289140032656,
  "volume": 644.4144287109375,
  "t_value": 1.0,
  "complexity": 3.2448768915829573
}