{
  "organoid_id": "day4p5-more_C02_56",
  "surface_area": 205.16296182482836,
  "volume": 258.067138671875,
  "t_value": 1.0,
  "complexity": 2.421872518435853
}