{
  "organoid_id": "day4p5-more_C05_46",
  "surface_area": 121.05250885888884,
  "volume": 124.07456970214844,
  "t_value": 1.0,
  "complexity": 0.9622323901239483
}