{
  "organoid_id": "day4p5-more_C06_148",
  "surface_area": 79.6890431143965,
  "volume": 58.85877990722656,
  "t_value": 1.0,
  "complexity": 2.6321347147631493
}