{
  "organoid_id": "day4_A05_76",
  "surface_area": 286.0748324568539,
  "volume": 381.77471923828125,
  "t_value": 1.0,
  "complexity": 2.8016764019568727
}