{
  "organoid_id": "day4p5-more_C04_92",
  "surface_area": 191.67893237701887,
  "volume": 204.98223876953125,
  "t_value": 1.0,
  "complexity": 2.7639219816760927
}