{
  "organoid_id": "day4_A06_74",
  "surface_area": 189.41201286243535,
  "volume": 223.07643127441406,
  "t_value": 1.0,
  "complexity": 2.5689442895842807
}