{
  "organoid_id": "day4_A02_77",
  "surface_area": 190.53168950659415,
  "volume": 242.76747131347656,
  "t_value": 1.0,
  "complexity": 0.9729556269795548
}