{
  "organoid_id": "day4_A05_86",
  "surface_area": 221.821889811104,
  "volume": 270.39752197265625,
  "t_value": 1.0,
  "complexity": 2.796967557329502
}