{
  "organoid_id": "day4p5-more_C01_60",
  "surface_area": 283.2049692039237,
  "volume": 424.4071350097656,
  "t_value": 1.0,
  "complexity": 0.9973932910991652
}