{
  "organoid_id": "day4_A04_5",
  "surface_area": 132.24061737190374,
  "volume": 141.38735961914062,
  "t_value": 1.0,
  "complexity": 0.968842838974241
}