{
  "organoid_id": "day4p5-more_C05_38",
  "surface_area": 251.60483629538152,
  "volume": 347.83251953125,
  "t_value": 1.0,
  "complexity": 2.260307684700523
}