{
  "organoid_id": "day4_A06_21",
  "surface_area": 228.27173496507191,
  "volume": 296.61370849609375,
  "t_value": 1.0,
  "complexity": 2.5053465523709293
}