{
  "organoid_id": "day4p5-more_C04_76",
  "surface_area": 258.04942008682116,
  "volume": 347.90399169921875,
  "t_value": 1.0,
  "complexity": NaN
}