{
  "organoid_id": "day4p5-more_C02_94",
  "surface_area": 594.6588496161091,
  "volume": 647.60107421875,
  "t_value": 1.0,
  "complexity": NaN
}