{
  "organoid_id": "day4_A06_37",
  "surface_area": 84.89450394337368,
  "volume": 71.7769775390625,
  "t_value": 1.0,
  "complexity": 0.978417904172714
}