{
  "organoid_id": "day4p5-more_C02_19",
  "surface_area": 217.1027104779302,
  "volume": 279.4510192871094,
  "t_value": 1.0,
  "complexity": 2.235122112329546
}