{
  "organoid_id": "day4_A04_59",
  "surface_area": 191.447886019505,
  "volume": 242.47665405273438,
  "t_value": 1.0,
  "complexity": 0.9813080108457474
}