{
  "organoid_id": "day4p5-more_C04_133",
  "surface_area": 179.92924045461436,
  "volume": 217.83053588867188,
  "t_value": 1.0,
  "complexity": 0.9893121238386244
}