{
  "organoid_id": "day4_A05_8",
  "surface_area": 169.9204554559117,
  "volume": 183.68997192382812,
  "t_value": 1.0,
  "complexity": 2.985201048098935
}