{
  "organoid_id": "day4p5-more_C03_75",
  "surface_area": 161.37039713826604,
  "volume": 183.94430541992188,
  "t_value": 1.0,
  "complexity": 0.9970393832434676
}