{
  "organoid_id": "day4_A06_86",
  "surface_area": 227.38310333569586,
  "volume": 272.511962890625,
  "t_value": 1.0,
  "complexity": 3.096782446221513
}