{
  "organoid_id": "day4p5-more_C04_110",
  "surface_area": 140.3150393847475,
  "volume": 149.3168182373047,
  "t_value": 1.0,
  "complexity": 0.9895515501014166
}