{
  "organoid_id": "day4p5_B06_47",
  "surface_area": 135.91468038946633,
  "volume": 142.90762329101562,
  "t_value": 1.0,
  "complexity": 0.9963388793020318
}