{
  "organoid_id": "day4p5-more_C04_75",
  "surface_area": 655.9226179624861,
  "volume": 508.91094970703125,
  "t_value": 1.0,
  "complexity": NaN
}