{
  "organoid_id": "day4_A04_21",
  "surface_area": 224.06208532218196,
  "volume": 309.6723327636719,
  "t_value": 1.0,
  "complexity": 0.9744468514052962
}