{
  "organoid_id": "day4p5_A06_69",
  "surface_area": 233.74899287551628,
  "volume": 252.42686462402344,
  "t_value": 1.0,
  "complexity": 3.573479134504969
}