{
  "organoid_id": "day4_A04_45",
  "surface_area": 173.06384368229035,
  "volume": 210.3376922607422,
  "t_value": 1.0,
  "complexity": 0.9724742040216412
}