{
  "organoid_id": "day4p5_B06_115",
  "surface_area": 441.00055498727716,
  "volume": 578.1248168945312,
  "t_value": 1.0,
  "complexity": 3.3264260003367365
}