{
  "organoid_id": "day4p5-more_C04_12",
  "surface_area": 306.3255410113635,
  "volume": 401.3197326660156,
  "t_value": 1.0,
  "complexity": 2.8252435237471247
}