{
  "organoid_id": "day4p5-more_C01_124",
  "surface_area": 373.94386649074715,
  "volume": 629.5352172851562,
  "t_value": 1.0,
  "complexity": 2.3079953182458386
}