{
  "organoid_id": "day4_A05_23",
  "surface_area": 212.45802477328576,
  "volume": 235.99391174316406,
  "t_value": 1.0,
  "complexity": 2.7193189292944826
}