{
  "organoid_id": "day4p5_B06_128",
  "surface_area": 793.7213859923803,
  "volume": 1100.28955078125,
  "t_value": 1.0,
  "complexity": NaN
}