{
  "organoid_id": "day4p5-more_C02_26",
  "surface_area": 344.93937823763326,
  "volume": 431.8286437988281,
  "t_value": 1.0,
  "complexity": 2.796896976815829
}