{
  "organoid_id": "day4p5_B06_18",
  "surface_area": 223.9349858522328,
  "volume": 296.80615234375,
  "t_value": 1.0,
  "complexity": 2.075071004316255
}