{
  "organoid_id": "day4p5-more_C02_123",
  "surface_area": 331.39380961091905,
  "volume": 525.7241821289062,
  "t_value": 1.0,
  "complexity": 2.201361761603485
}