{
  "organoid_id": "day4_B01_71",
  "surface_area": 272.259065371635,
  "volume": 384.05035400390625,
  "t_value": 1.0,
  "complexity": 2.583736596314321
}