{
  "organoid_id": "day4p5-more_C03_118",
  "surface_area": 145.50793149711615,
  "volume": 163.56613159179688,
  "t_value": 1.0,
  "complexity": 0.9634953376231912
}