{
  "organoid_id": "day4_B01_21",
  "surface_area": 129.57907423919127,
  "volume": 136.38424682617188,
  "t_value": 1.0,
  "complexity": 0.9713252376592548
}