{
  "organoid_id": "day4_A02_3",
  "surface_area": 219.80694468586077,
  "volume": 254.97923278808594,
  "t_value": 1.0,
  "complexity": 2.4362845966613422
}