{
  "organoid_id": "day4_A02_61",
  "surface_area": 154.644715087682,
  "volume": 169.19187927246094,
  "t_value": 1.0,
  "complexity": 2.302936442714552
}