{
  "organoid_id": "day4_A06_7",
  "surface_area": 76.64594980003278,
  "volume": 61.33525085449219,
  "t_value": 1.0,
  "complexity": 0.9816706479005296
}