{
  "organoid_id": "day4p5-more_C04_58",
  "surface_area": 357.43044445156175,
  "volume": 469.2474060058594,
  "t_value": 1.0,
  "complexity": 3.386638821983842
}