{
  "organoid_id": "day4p5-more_C02_101",
  "surface_area": 259.89362250876826,
  "volume": 308.4076843261719,
  "t_value": 1.0,
  "complexity": 2.865541567029759
}