{
  "organoid_id": "day4_B01_92",
  "surface_area": 250.4036945070018,
  "volume": 323.45721435546875,
  "t_value": 1.0,
  "complexity": 3.18015663711104
}