{
  "organoid_id": "day4p5-more_C02_83",
  "surface_area": 250.4911647604946,
  "volume": 326.6339416503906,
  "t_value": 1.0,
  "complexity": 2.870571959743068
}