{
  "organoid_id": "day4p5-more_C01_62",
  "surface_area": 314.7984229524673,
  "volume": 498.7364196777344,
  "t_value": 1.0,
  "complexity": 0.9994751285125484
}