{
  "organoid_id": "day4p5-more_C04_30",
  "surface_area": 345.58502491313783,
  "volume": 397.23675537109375,
  "t_value": 1.0,
  "complexity": NaN
}