{
  "organoid_id": "day4_A05_89",
  "surface_area": 267.9341636698843,
  "volume": 353.998291015625,
  "t_value": 1.0,
  "complexity": 2.8337180587617
}