{
  "organoid_id": "day4p5-more_C01_7",
  "surface_area": 214.61737737650722,
  "volume": 255.4832305908203,
  "t_value": 1.0,
  "complexity": 2.8612965049534846
}