{
  "organoid_id": "day4p5-more_C04_94",
  "surface_area": 191.29472242433306,
  "volume": 243.49342346191406,
  "t_value": 1.0,
  "complexity": 0.981179221025034
}