{
  "organoid_id": "day4p5-more_C04_96",
  "surface_area": 324.8962263891579,
  "volume": 454.0708312988281,
  "t_value": 1.0,
  "complexity": NaN
}