{
  "organoid_id": "day4_A02_52",
  "surface_area": 276.7628221727778,
  "volume": 396.2705383300781,
  "t_value": 1.0,
  "complexity": 2.575613881665838
}