{
  "organoid_id": "day4p5-more_C05_53",
  "surface_area": 178.5363935411662,
  "volume": 208.54222106933594,
  "t_value": 1.0,
  "complexity": 2.3887999133490947
}