{
  "organoid_id": "day4p5-more_C03_124",
  "surface_area": 302.62155765788805,
  "volume": 415.2236328125,
  "t_value": 1.0,
  "complexity": 2.8324883599954824
}