{
  "organoid_id": "day4p5-more_C02_105",
  "surface_area": 243.8417401018693,
  "volume": 328.07757568359375,
  "t_value": 1.0,
  "complexity": NaN
}