{
  "organoid_id": "day4_B01_46",
  "surface_area": 203.87111853485422,
  "volume": 254.6320343017578,
  "t_value": 1.0,
  "complexity": 2.573148250112978
}