{
  "organoid_id": "day4p5-more_C05_94",
  "surface_area": 359.29796340707213,
  "volume": 454.67022705078125,
  "t_value": 1.0,
  "complexity": NaN
}