{
  "organoid_id": "day4p5-more_C05_141",
  "surface_area": 83.24521095777563,
  "volume": 70.25076293945312,
  "t_value": 1.0,
  "complexity": 0.973388033691937
}