{
  "organoid_id": "day4p5-more_C03_154",
  "surface_area": 498.91031272675707,
  "volume": 734.6007080078125,
  "t_value": 1.0,
  "complexity": 2.213263408378305
}