{
  "organoid_id": "day4p5_B06_109",
  "surface_area": 172.85805728753007,
  "volume": 206.3243865966797,
  "t_value": 1.0,
  "complexity": 0.9880919430270588
}