{
  "organoid_id": "day4p5-more_C04_128",
  "surface_area": 165.49509825605907,
  "volume": 191.2755126953125,
  "t_value": 1.0,
  "complexity": 0.9881428707046584
}