{
  "organoid_id": "day4p5_B06_32",
  "surface_area": 722.4464320044317,
  "volume": 1519.6617431640625,
  "t_value": 1.0,
  "complexity": 3.782955738704281
}