{
  "organoid_id": "day4_B02_1",
  "surface_area": 219.9415298384916,
  "volume": 298.5036926269531,
  "t_value": 1.0,
  "complexity": 0.9819979691524088
}