{
  "organoid_id": "day4p5-more_C04_27",
  "surface_area": 544.0751415638356,
  "volume": 354.8405456542969,
  "t_value": 1.0,
  "complexity": NaN
}