{
  "organoid_id": "day4p5-more_C03_111",
  "surface_area": 245.66091467164037,
  "volume": 299.3880310058594,
  "t_value": 1.0,
  "complexity": 2.9727691045490774
}