{
  "organoid_id": "day4p5_B06_111",
  "surface_area": 202.60327136271525,
  "volume": 257.64495849609375,
  "t_value": 1.0,
  "complexity": 1.533725072573498
}