{
  "organoid_id": "day4p5-more_C02_86",
  "surface_area": 294.15901332873983,
  "volume": 437.1888427734375,
  "t_value": 1.0,
  "complexity": 3.5643647204388733
}