{
  "organoid_id": "day4_B02_21",
  "surface_area": 161.34438907950354,
  "volume": 188.8652801513672,
  "t_value": 1.0,
  "complexity": 0.974399079491082
}