{
  "organoid_id": "day4p5_B06_2",
  "surface_area": 183.60449270165535,
  "volume": 220.89451599121094,
  "t_value": 1.0,
  "complexity": 2.1007914310341667
}