{
  "organoid_id": "day4p5-more_C05_115",
  "surface_area": 160.71410792501348,
  "volume": 182.75216674804688,
  "t_value": 1.0,
  "complexity": 0.9963804683449154
}