{
  "organoid_id": "day4p5-more_C04_3",
  "surface_area": 429.99116175061556,
  "volume": 697.6439819335938,
  "t_value": 1.0,
  "complexity": 2.8280457005668085
}