{
  "organoid_id": "day4p5_B06_76",
  "surface_area": 425.8524854670399,
  "volume": 645.1940307617188,
  "t_value": 1.0,
  "complexity": 2.811277766189223
}