{
  "organoid_id": "day4p5-more_C06_115",
  "surface_area": 221.288307317771,
  "volume": 251.659912109375,
  "t_value": 1.0,
  "complexity": 2.9284113625254555
}