{
  "organoid_id": "day4p5-more_C03_126",
  "surface_area": 182.95598664832693,
  "volume": 208.00108337402344,
  "t_value": 1.0,
  "complexity": 2.8228746349040548
}