{
  "organoid_id": "day4p5-more_C04_71",
  "surface_area": 308.8473388016305,
  "volume": 385.68731689453125,
  "t_value": 1.0,
  "complexity": 2.4699054811219185
}