{
  "organoid_id": "day4p5-more_C06_177",
  "surface_area": 214.56631536226413,
  "volume": 237.99002075195312,
  "t_value": 1.0,
  "complexity": NaN
}