{
  "organoid_id": "day4p5-more_C02_71",
  "surface_area": 618.2219347793836,
  "volume": 1172.5357666015625,
  "t_value": 1.0,
  "complexity": 3.081278421747097
}