{
  "organoid_id": "day4p5_B06_106",
  "surface_area": 346.76993223332266,
  "volume": 473.83038330078125,
  "t_value": 1.0,
  "complexity": 2.917373907811142
}