{
  "organoid_id": "day4p5-more_C06_128",
  "surface_area": 219.72031543799852,
  "volume": 276.7705993652344,
  "t_value": 1.0,
  "complexity": 2.9389337321977163
}