{
  "organoid_id": "day4p5-more_C06_147",
  "surface_area": 112.54053040972431,
  "volume": 108.97855377197266,
  "t_value": 1.0,
  "complexity": 0.9904305935273056
}