{
  "organoid_id": "day4p5-more_C02_99",
  "surface_area": 235.92150208463943,
  "volume": 319.41455078125,
  "t_value": 1.0,
  "complexity": 2.2902690958500105
}