{
  "organoid_id": "day4_B02_64",
  "surface_area": 98.4741510634223,
  "volume": 90.88301086425781,
  "t_value": 1.0,
  "complexity": 0.9674046692525964
}