{
  "organoid_id": "day4p5-more_C03_5",
  "surface_area": 225.32008543364523,
  "volume": 292.8214416503906,
  "t_value": 1.0,
  "complexity": 2.487097247943
}