{
  "organoid_id": "day4_B01_98",
  "surface_area": 262.91244023539696,
  "volume": 351.0966491699219,
  "t_value": 1.0,
  "complexity": 3.632018161697172
}