{
  "organoid_id": "day4p5-more_C02_102",
  "surface_area": 256.9927639529113,
  "volume": 352.17486572265625,
  "t_value": 1.0,
  "complexity": 2.512587530973668
}