{
  "organoid_id": "day4p5-more_C03_48",
  "surface_area": 192.17458026398742,
  "volume": 245.44418334960938,
  "t_value": 1.0,
  "complexity": 0.979162466358401
}