{
  "organoid_id": "day4p5-more_C02_81",
  "surface_area": 164.8580006608655,
  "volume": 179.89605712890625,
  "t_value": 1.0,
  "complexity": 2.631943953258877
}