{
  "organoid_id": "day4_B02_82",
  "surface_area": 315.17882134173567,
  "volume": 460.4693603515625,
  "t_value": 1.0,
  "complexity": 3.934659187073116
}