{
  "organoid_id": "day4p5-more_C04_34",
  "surface_area": 362.37468730014416,
  "volume": 494.7740173339844,
  "t_value": 1.0,
  "complexity": 2.94928194008879
}