{
  "organoid_id": "day4p5-more_C05_95",
  "surface_area": 129.41543596876744,
  "volume": 136.49134826660156,
  "t_value": 1.0,
  "complexity": 0.972978960874748
}