{
  "organoid_id": "day4_A06_31",
  "surface_area": 203.35864738251615,
  "volume": 247.15118408203125,
  "t_value": 1.0,
  "complexity": 2.9861805336822984
}