{
  "organoid_id": "day4p5_B06_17",
  "surface_area": 262.65054653570974,
  "volume": 387.2629699707031,
  "t_value": 1.0,
  "complexity": 0.985182690555147
}