{
  "organoid_id": "day4p5-more_C03_53",
  "surface_area": 485.85330561774646,
  "volume": 559.8427124023438,
  "t_value": 1.0,
  "complexity": 3.740662358758686
}