{
  "organoid_id": "day4p5-more_C01_4",
  "surface_area": 250.36823572090643,
  "volume": 335.2875671386719,
  "t_value": 1.0,
  "complexity": 3.272641882950396
}