{
  "organoid_id": "day4_A06_73",
  "surface_area": 313.66340205302214,
  "volume": 469.84759521484375,
  "t_value": 1.0,
  "complexity": 2.7559846350337174
}