{
  "organoid_id": "day4_A02_2",
  "surface_area": 76.49963045421194,
  "volume": 61.657371520996094,
  "t_value": 1.0,
  "complexity": 0.9745886483623876
}