{
  "organoid_id": "day4p5-more_C05_157",
  "surface_area": 154.17314333483253,
  "volume": 176.3941650390625,
  "t_value": 1.0,
  "complexity": 0.9756407778021428
}