{
  "organoid_id": "day4p5-more_C03_102",
  "surface_area": 277.05480886105795,
  "volume": 293.3056335449219,
  "t_value": 1.0,
  "complexity": 3.2089718972364825
}