{
  "organoid_id": "day4_A02_46",
  "surface_area": 86.63593350717088,
  "volume": 75.45296478271484,
  "t_value": 1.0,
  "complexity": 0.9607513213394464
}