{
  "organoid_id": "day4p5_B06_91",
  "surface_area": 233.65028699053735,
  "volume": 311.8097839355469,
  "t_value": 1.0,
  "complexity": 3.1435914634802886
}