{
  "organoid_id": "day4p5-more_C04_66",
  "surface_area": 131.55268716381505,
  "volume": 140.9486846923828,
  "t_value": 1.0,
  "complexity": 0.9603115137706132
}