{
  "organoid_id": "day4_A06_23",
  "surface_area": 182.61216194297833,
  "volume": 221.2913055419922,
  "t_value": 1.0,
  "complexity": 2.085429693159352
}