{
  "organoid_id": "day4_A02_42",
  "surface_area": 299.78672805367717,
  "volume": 463.8839416503906,
  "t_value": 1.0,
  "complexity": 1.1613671721500416
}