{
  "organoid_id": "day4_B01_73",
  "surface_area": 136.33021755798853,
  "volume": 147.76356506347656,
  "t_value": 1.0,
  "complexity": 0.9692445431044514
}