{
  "organoid_id": "day4_A03_2",
  "surface_area": 274.59770748211093,
  "volume": 354.2510681152344,
  "t_value": 1.0,
  "complexity": NaN
}