{
  "organoid_id": "day4p5-more_C01_67",
  "surface_area": 262.8460571783056,
  "volume": 338.2449035644531,
  "t_value": 1.0,
  "complexity": 2.9119158257629727
}