{
  "organoid_id": "day4_A06_18",
  "surface_area": 140.54167797581363,
  "volume": 151.7147979736328,
  "t_value": 1.0,
  "complexity": 0.9892925697616732
}