{
  "organoid_id": "day4p5-more_C06_67",
  "surface_area": 393.6403923841409,
  "volume": 665.3423461914062,
  "t_value": 1.0,
  "complexity": 2.568979310251417
}