{
  "organoid_id": "day4p5-more_C05_36",
  "surface_area": 330.360813568155,
  "volume": 397.44354248046875,
  "t_value": 1.0,
  "complexity": 3.821967076490707
}