{
  "organoid_id": "day4p5-more_C03_29",
  "surface_area": 102.28024423722418,
  "volume": 92.51598358154297,
  "t_value": 1.0,
  "complexity": 0.9994663343300092
}