{
  "organoid_id": "day4p5-more_C01_1",
  "surface_area": 222.75553528811434,
  "volume": 291.3366394042969,
  "t_value": 1.0,
  "complexity": 2.1834440285959857
}