{
  "organoid_id": "day4_B02_12",
  "surface_area": 174.39559820950058,
  "volume": 212.06234741210938,
  "t_value": 1.0,
  "complexity": 0.9743543988288286
}