{
  "organoid_id": "day4p5-more_C01_20",
  "surface_area": 226.65054178785243,
  "volume": 315.01593017578125,
  "t_value": 1.0,
  "complexity": 0.9780056857971614
}