{
  "organoid_id": "day4p5-more_C01_84",
  "surface_area": 93.45012643162151,
  "volume": 80.92668151855469,
  "t_value": 1.0,
  "complexity": 0.9988262282778144
}