{
  "organoid_id": "day4p5-more_C04_28",
  "surface_area": 231.43284694899975,
  "volume": 298.35791015625,
  "t_value": 1.0,
  "complexity": 2.569564241883813
}