{
  "organoid_id": "day4_B01_10",
  "surface_area": 312.06681859128696,
  "volume": 464.05364990234375,
  "t_value": 1.0,
  "complexity": 3.5785924432295304
}