{
  "organoid_id": "day4_B01_103",
  "surface_area": 168.87925306753166,
  "volume": 204.71104431152344,
  "t_value": 1.0,
  "complexity": 0.9653346824757776
}