{
  "organoid_id": "day4p5_B06_87",
  "surface_area": 172.27629620843558,
  "volume": 202.04539489746094,
  "t_value": 1.0,
  "complexity": 2.1454479223475853
}