{
  "organoid_id": "day4_B02_7",
  "surface_area": 181.25016102809943,
  "volume": 223.4783172607422,
  "t_value": 1.0,
  "complexity": 0.9786033749628354
}