{
  "organoid_id": "day4_B01_89",
  "surface_area": 258.85707790587594,
  "volume": 296.9884948730469,
  "t_value": 1.0,
  "complexity": NaN
}