{
  "organoid_id": "day4p5-more_C01_57",
  "surface_area": 247.98627140532602,
  "volume": 358.4759826660156,
  "t_value": 1.0,
  "complexity": 0.9822520479799662
}