{
  "organoid_id": "day4_B02_54",
  "surface_area": 316.6275625760379,
  "volume": 451.6651916503906,
  "t_value": 1.0,
  "complexity": 3.471883138304394
}