{
  "organoid_id": "day4p5-more_C06_176",
  "surface_area": 259.34685404916024,
  "volume": 378.364501953125,
  "t_value": 1.0,
  "complexity": 0.9917134262849796
}