{
  "organoid_id": "day4_A02_73",
  "surface_area": 187.19494996725516,
  "volume": 217.58843994140625,
  "t_value": 1.0,
  "complexity": 2.8293308964933748
}