{
  "organoid_id": "day4p5-more_C01_50",
  "surface_area": 246.31512981932863,
  "volume": 328.06805419921875,
  "t_value": 1.0,
  "complexity": 2.678652706270455
}