{
  "organoid_id": "day4p5-more_C05_27",
  "surface_area": 283.7893142631434,
  "volume": 434.64739990234375,
  "t_value": 1.0,
  "complexity": 0.9917606034308002
}