{
  "organoid_id": "day4p5-more_C02_103",
  "surface_area": 203.05135117774535,
  "volume": 222.3751678466797,
  "t_value": 1.0,
  "complexity": NaN
}