{
  "organoid_id": "day4_B02_45",
  "surface_area": 263.0364305183406,
  "volume": 147.04310607910156,
  "t_value": 1.0,
  "complexity": NaN
}