{
  "organoid_id": "day4p5-more_C05_159",
  "surface_area": 223.6568268646464,
  "volume": 265.73162841796875,
  "t_value": 1.0,
  "complexity": 3.343983946839166
}