{
  "organoid_id": "day4p5-more_C01_85",
  "surface_area": 493.31242989315825,
  "volume": 660.2203979492188,
  "t_value": 1.0,
  "complexity": 4.0
}