{
  "organoid_id": "day4p5-more_C01_72",
  "surface_area": 259.53694942344225,
  "volume": 369.0290222167969,
  "t_value": 1.0,
  "complexity": 2.0828442862314613
}