{
  "organoid_id": "day4_A04_51",
  "surface_area": 135.62677309795686,
  "volume": 145.96768188476562,
  "t_value": 1.0,
  "complexity": 0.9722478310277476
}