{
  "organoid_id": "day4p5-more_C02_95",
  "surface_area": 273.45768902100934,
  "volume": 295.4801025390625,
  "t_value": 1.0,
  "complexity": 3.602207303275403
}