{
  "organoid_id": "day4p5-more_C05_88",
  "surface_area": 246.44711363280967,
  "volume": 349.5443420410156,
  "t_value": 1.0,
  "complexity": 0.9938532251560536
}