{
  "organoid_id": "day4p5_A06_45",
  "surface_area": 286.22935982597994,
  "volume": 383.4992370605469,
  "t_value": 1.0,
  "complexity": 3.187069950490216
}