{
  "organoid_id": "day4_B02_70",
  "surface_area": 340.1649516000472,
  "volume": 415.65032958984375,
  "t_value": 1.0,
  "complexity": 3.2042360283407345
}