{
  "organoid_id": "day4_A06_29",
  "surface_area": 294.4286087248576,
  "volume": 326.90924072265625,
  "t_value": 1.0,
  "complexity": 4.0
}