{
  "organoid_id": "day4_B01_56",
  "surface_area": 170.95097236178648,
  "volume": 202.81753540039062,
  "t_value": 1.0,
  "complexity": 0.986892197372352
}