{
  "organoid_id": "day4_B02_67",
  "surface_area": 155.9910315990572,
  "volume": 181.8968048095703,
  "t_value": 1.0,
  "complexity": 0.9622694505377029
}