{
  "organoid_id": "day4_A04_16",
  "surface_area": 432.0603513466022,
  "volume": 514.568603515625,
  "t_value": 1.0,
  "complexity": NaN
}