{
  "organoid_id": "day4_A03_16",
  "surface_area": 301.5041709211797,
  "volume": 473.86187744140625,
  "t_value": 1.0,
  "complexity": 0.9931768958831824
}