{
  "organoid_id": "day4_B02_43",
  "surface_area": 165.14932438990846,
  "volume": 181.81640625,
  "t_value": 1.0,
  "complexity": 2.850617794242816
}