{
  "organoid_id": "day4p5-more_C01_98",
  "surface_area": 213.33560818491964,
  "volume": 259.49737548828125,
  "t_value": 1.0,
  "complexity": 2.7394040853496944
}