{
  "organoid_id": "day4p5-more_C02_77",
  "surface_area": 209.85405227851967,
  "volume": 199.6256866455078,
  "t_value": 1.0,
  "complexity": NaN
}