{
  "organoid_id": "day4p5-more_C06_171",
  "surface_area": 235.0188076915561,
  "volume": 265.46429443359375,
  "t_value": 1.0,
  "complexity": 2.658634864554884
}