{
  "organoid_id": "day4_A02_7",
  "surface_area": 178.3369662544036,
  "volume": 201.5099639892578,
  "t_value": 1.0,
  "complexity": 2.5636963388486054
}