{
  "organoid_id": "day4p5-more_C06_142",
  "surface_area": 227.85994008286988,
  "volume": 265.08856201171875,
  "t_value": 1.0,
  "complexity": 2.99607947808473
}