{
  "organoid_id": "day4p5-more_C01_33",
  "surface_area": 401.99584175566963,
  "volume": 674.5885009765625,
  "t_value": 1.0,
  "complexity": 2.523310116628976
}