{
  "organoid_id": "day4_A05_16",
  "surface_area": 219.9536173326014,
  "volume": 291.3806457519531,
  "t_value": 1.0,
  "complexity": 1.7888908655334173
}