{
  "organoid_id": "day4_A06_95",
  "surface_area": 211.87967081440345,
  "volume": 267.06671142578125,
  "t_value": 1.0,
  "complexity": 2.587712590925764
}