{
  "organoid_id": "day4p5-more_C03_113",
  "surface_area": 126.24951856764332,
  "volume": 127.1592025756836,
  "t_value": 1.0,
  "complexity": 2.0523380769276653
}