{
  "organoid_id": "day4_A06_91",
  "surface_area": 100.16331540258885,
  "volume": 92.77125549316406,
  "t_value": 1.0,
  "complexity": 0.968886330609555
}