{
  "organoid_id": "day4_B02_53",
  "surface_area": 124.58582064641166,
  "volume": 125.61653900146484,
  "t_value": 1.0,
  "complexity": 0.9900116621858264
}