{
  "organoid_id": "day4p5-more_C02_85",
  "surface_area": 406.91230557351736,
  "volume": 527.5701904296875,
  "t_value": 1.0,
  "complexity": NaN
}