{
  "organoid_id": "day4p5-more_C05_80",
  "surface_area": 891.4767829490285,
  "volume": 1830.9739990234375,
  "t_value": 1.0,
  "complexity": NaN
}