{
  "organoid_id": "day4p5_B06_11",
  "surface_area": 342.93745091125004,
  "volume": 500.96746826171875,
  "t_value": 1.0,
  "complexity": 2.753939343620731
}