{
  "organoid_id": "day4p5-more_C03_88",
  "surface_area": 267.11647841446904,
  "volume": 340.480224609375,
  "t_value": 1.0,
  "complexity": 2.9860702780231665
}