{
  "organoid_id": "day4p5-more_C03_82",
  "surface_area": 163.72702778703876,
  "volume": 191.69293212890625,
  "t_value": 1.0,
  "complexity": 0.9853812008315402
}