{
  "organoid_id": "day4_A06_66",
  "surface_area": 324.44340842341927,
  "volume": 443.22802734375,
  "t_value": 1.0,
  "complexity": 3.2072443249079186
}