{
  "organoid_id": "day4_B02_18",
  "surface_area": 142.48398158456328,
  "volume": 155.06126403808594,
  "t_value": 1.0,
  "complexity": 0.9814592579187488
}