{
  "organoid_id": "day4p5-more_C03_63",
  "surface_area": 158.39803730678275,
  "volume": 180.92880249023438,
  "t_value": 1.0,
  "complexity": 0.9857535283483236
}