{
  "organoid_id": "day4p5-more_C02_112",
  "surface_area": 306.6885478981769,
  "volume": 444.8457946777344,
  "t_value": 1.0,
  "complexity": 2.732035717268661
}