{
  "organoid_id": "day4p5-more_C05_55",
  "surface_area": 149.89042083216947,
  "volume": 166.7445068359375,
  "t_value": 1.0,
  "complexity": 0.9824060835561764
}