{
  "organoid_id": "day4p5_B06_6",
  "surface_area": 278.1856018198679,
  "volume": 413.5146179199219,
  "t_value": 1.0,
  "complexity": 1.135714971363616
}