{
  "organoid_id": "day4p5-more_C02_32",
  "surface_area": 267.21014811627094,
  "volume": 349.1990051269531,
  "t_value": 1.0,
  "complexity": 2.8266362119626813
}