{
  "organoid_id": "day4_A06_79",
  "surface_area": 215.52206283403365,
  "volume": 283.1954040527344,
  "t_value": 1.0,
  "complexity": 0.9994864854193836
}