{
  "organoid_id": "day4p5-more_C05_71",
  "surface_area": 442.1357692251512,
  "volume": 550.0979614257812,
  "t_value": 1.0,
  "complexity": 3.4046735527072163
}