{
  "organoid_id": "day4p5-more_C05_68",
  "surface_area": 252.59101522282495,
  "volume": 339.5050048828125,
  "t_value": 1.0,
  "complexity": 2.985857296279101
}