{
  "organoid_id": "day4p5-more_C03_25",
  "surface_area": 360.3275579276543,
  "volume": 495.8453674316406,
  "t_value": 1.0,
  "complexity": 2.600765197123796
}