{
  "organoid_id": "day4_A03_12",
  "surface_area": 260.01592597744167,
  "volume": 337.1544494628906,
  "t_value": 1.0,
  "complexity": 2.860324034891521
}