{
  "organoid_id": "day4p5-more_C05_61",
  "surface_area": 236.25335733671537,
  "volume": 304.7784423828125,
  "t_value": 1.0,
  "complexity": 2.715241460743653
}