{
  "organoid_id": "day4_A06_9",
  "surface_area": 213.37611518187873,
  "volume": 271.5351257324219,
  "t_value": 1.0,
  "complexity": 2.59150987214669
}