{
  "organoid_id": "day4p5-more_C03_140",
  "surface_area": 112.19542483519027,
  "volume": 109.7251205444336,
  "t_value": 1.0,
  "complexity": 0.9753908949558384
}