{
  "organoid_id": "day4_A05_14",
  "surface_area": 173.91126345589626,
  "volume": 211.12423706054688,
  "t_value": 1.0,
  "complexity": 0.9768826541328592
}