{
  "organoid_id": "day4p5-more_C01_46",
  "surface_area": 216.8875250290773,
  "volume": 276.774658203125,
  "t_value": 1.0,
  "complexity": 2.4297290645178524
}