{
  "organoid_id": "day4p5-more_C01_75",
  "surface_area": 253.98738126548292,
  "volume": 336.561279296875,
  "t_value": 1.0,
  "complexity": 2.787981773566953
}