{
  "organoid_id": "day4_A05_87",
  "surface_area": 197.1139619450197,
  "volume": 252.5042724609375,
  "t_value": 1.0,
  "complexity": 0.9869382229605602
}