{
  "organoid_id": "day4p5_A06_71",
  "surface_area": 640.6532872200663,
  "volume": 1323.791015625,
  "t_value": 1.0,
  "complexity": NaN
}