{
  "organoid_id": "day4p5_B06_21",
  "surface_area": 226.0463044774386,
  "volume": 289.5616760253906,
  "t_value": 1.0,
  "complexity": 2.459508016077506
}