{
  "organoid_id": "day4p5-more_C01_41",
  "surface_area": 149.7005488824682,
  "volume": 167.25209045410156,
  "t_value": 1.0,
  "complexity": 0.984978458622514
}