{
  "organoid_id": "day4_B01_14",
  "surface_area": 212.02981740572315,
  "volume": 270.7579345703125,
  "t_value": 1.0,
  "complexity": 2.4805898010449856
}