{
  "organoid_id": "day4p5_B06_28",
  "surface_area": 353.4116880124464,
  "volume": 493.32574462890625,
  "t_value": 1.0,
  "complexity": 2.583286162838024
}