{
  "organoid_id": "day4_B01_45",
  "surface_area": 229.5347081285803,
  "volume": 309.4963684082031,
  "t_value": 1.0,
  "complexity": 2.248084710325032
}