{
  "organoid_id": "day4_A04_79",
  "surface_area": 179.78764127812667,
  "volume": 207.4534912109375,
  "t_value": 1.0,
  "complexity": 2.474472760508626
}