{
  "organoid_id": "day4p5_B06_124",
  "surface_area": 201.17058217525394,
  "volume": 256.7447204589844,
  "t_value": 1.0,
  "complexity": 2.0689043718815934
}