{
  "organoid_id": "day4_B01_3",
  "surface_area": 246.85048348997648,
  "volume": 314.24810791015625,
  "t_value": 1.0,
  "complexity": 3.535140453984251
}