{
  "organoid_id": "day4_A04_80",
  "surface_area": 202.6712947819006,
  "volume": 255.89608764648438,
  "t_value": 1.0,
  "complexity": 2.266487167463948
}