{
  "organoid_id": "day4p5_B06_105",
  "surface_area": 218.5808040981395,
  "volume": 271.1225280761719,
  "t_value": 1.0,
  "complexity": 2.817346150420221
}