{
  "organoid_id": "day4p5-more_C05_142",
  "surface_area": 359.8934855242985,
  "volume": 460.58489990234375,
  "t_value": 1.0,
  "complexity": NaN
}