{
  "organoid_id": "day4p5-more_C06_114",
  "surface_area": 222.92300236334566,
  "volume": 239.1126708984375,
  "t_value": 1.0,
  "complexity": 3.366464109401734
}