{
  "organoid_id": "day4_B02_61",
  "surface_area": 173.95955926619376,
  "volume": 203.0786895751953,
  "t_value": 1.0,
  "complexity": 2.2451437890116104
}