{
  "organoid_id": "day4_A02_63",
  "surface_area": 127.6849545351869,
  "volume": 126.80062103271484,
  "t_value": 1.0,
  "complexity": 2.3472522220240832
}