{
  "organoid_id": "day4p5-more_C06_154",
  "surface_area": 204.88477380657332,
  "volume": 257.68475341796875,
  "t_value": 1.0,
  "complexity": 3.0356259340265543
}