{
  "organoid_id": "day4p5_B06_110",
  "surface_area": 246.2180327037012,
  "volume": 349.7318420410156,
  "t_value": 1.0,
  "complexity": 0.9896807632485294
}