{
  "organoid_id": "day4p5_B06_113",
  "surface_area": 274.85286169503536,
  "volume": 331.3066711425781,
  "t_value": 1.0,
  "complexity": 2.8531658857231315
}