{
  "organoid_id": "day4p5-more_C05_139",
  "surface_area": 184.0643077252589,
  "volume": 216.70486450195312,
  "t_value": 1.0,
  "complexity": 2.53771427777218
}