{
  "organoid_id": "day4p5-more_C04_7",
  "surface_area": 492.6474496756055,
  "volume": 595.8466186523438,
  "t_value": 1.0,
  "complexity": 3.5028468204281764
}