{
  "organoid_id": "day4p5-more_C06_47",
  "surface_area": 329.7875951348456,
  "volume": 481.638671875,
  "t_value": 1.0,
  "complexity": 2.803905657393727
}