{
  "organoid_id": "day4_A02_20",
  "surface_area": 133.47797434058208,
  "volume": 136.8571014404297,
  "t_value": 1.0,
  "complexity": 2.1575301050826248
}