{
  "organoid_id": "day4p5_A06_62",
  "surface_area": 971.9018358354276,
  "volume": 1172.2847900390625,
  "t_value": 1.0,
  "complexity": NaN
}