{
  "organoid_id": "day4p5-more_C04_47",
  "surface_area": 258.5350292665703,
  "volume": 339.67974853515625,
  "t_value": 1.0,
  "complexity": 3.6850875405697914
}