{
  "organoid_id": "day4_B02_32",
  "surface_area": 201.83803074056715,
  "volume": 264.16876220703125,
  "t_value": 1.0,
  "complexity": 0.9772955496872124
}