{
  "organoid_id": "day4_B01_12",
  "surface_area": 269.53814224416675,
  "volume": 339.56781005859375,
  "t_value": 1.0,
  "complexity": 2.922788191469484
}