{
  "organoid_id": "day4_A06_44",
  "surface_area": 201.59180189397392,
  "volume": 226.38394165039062,
  "t_value": 1.0,
  "complexity": 3.507855462814307
}