{
  "organoid_id": "day4p5-more_C06_100",
  "surface_area": 296.7900682406828,
  "volume": 267.44110107421875,
  "t_value": 1.0,
  "complexity": NaN
}