{
  "organoid_id": "day4p5-more_C04_102",
  "surface_area": 197.43173329444528,
  "volume": 254.403564453125,
  "t_value": 1.0,
  "complexity": 0.9818457144628132
}