{
  "organoid_id": "day4_A02_1",
  "surface_area": 208.14897051493267,
  "volume": 269.13330078125,
  "t_value": 1.0,
  "complexity": 2.133175223697441
}