{
  "organoid_id": "day4p5-more_C03_59",
  "surface_area": 112.49195195794532,
  "volume": 107.43083190917969,
  "t_value": 1.0,
  "complexity": 2.077900607729488
}