{
  "organoid_id": "day4p5-more_C04_37",
  "surface_area": 284.8636587351149,
  "volume": 427.72265625,
  "t_value": 1.0,
  "complexity": 2.0076200490650318
}