{
  "organoid_id": "day4p5-more_C06_71",
  "surface_area": 223.59724752041384,
  "volume": 296.435302734375,
  "t_value": 1.0,
  "complexity": 2.0011985448127065
}