{
  "organoid_id": "day4_A03_14",
  "surface_area": 263.82213685258347,
  "volume": 377.73211669921875,
  "t_value": 1.0,
  "complexity": 2.193807829751001
}