{
  "organoid_id": "day4p5-more_C01_28",
  "surface_area": 391.9309302378146,
  "volume": 651.21435546875,
  "t_value": 1.0,
  "complexity": 2.6534529392519173
}