{
  "organoid_id": "day4p5-more_C05_120",
  "surface_area": 416.013118071972,
  "volume": 518.2369384765625,
  "t_value": 1.0,
  "complexity": 3.979677158614587
}