{
  "organoid_id": "day4p5-more_C01_96",
  "surface_area": 120.28576567913518,
  "volume": 121.30001831054688,
  "t_value": 1.0,
  "complexity": 0.977193981802888
}