{
  "organoid_id": "day4p5-more_C06_118",
  "surface_area": 282.49214149619206,
  "volume": 419.3749694824219,
  "t_value": 1.0,
  "complexity": 2.181445128495622
}