{
  "organoid_id": "day4p5-more_C02_8",
  "surface_area": 96.0985011469727,
  "volume": 85.43826293945312,
  "t_value": 1.0,
  "complexity": 0.9867007322989996
}