{
  "organoid_id": "day4p5-more_C06_46",
  "surface_area": 122.17304139297605,
  "volume": 121.40084838867188,
  "t_value": 1.0,
  "complexity": 0.999517822767589
}