{
  "organoid_id": "day4p5-more_C02_73",
  "surface_area": 121.27982218657061,
  "volume": 119.37937927246094,
  "t_value": 1.0,
  "complexity": 0.9983687436224244
}