{
  "organoid_id": "day4p5-more_C01_89",
  "surface_area": 145.13891169762564,
  "volume": 158.7591552734375,
  "t_value": 1.0,
  "complexity": 0.9874768457883396
}