{
  "organoid_id": "day4p5-more_C05_43",
  "surface_area": 257.62587937646543,
  "volume": 219.19479370117188,
  "t_value": 1.0,
  "complexity": NaN
}