{
  "organoid_id": "day4p5-more_C04_9",
  "surface_area": 226.01040031466175,
  "volume": 312.8409423828125,
  "t_value": 1.0,
  "complexity": 0.981999156774445
}