{
  "organoid_id": "day4_B01_87",
  "surface_area": 270.65974145066275,
  "volume": 397.1120300292969,
  "t_value": 1.0,
  "complexity": 2.123495678079304
}