{
  "organoid_id": "day4p5_B06_73",
  "surface_area": 275.0941700240972,
  "volume": 419.5592041015625,
  "t_value": 1.0,
  "complexity": 0.9762930959112832
}