{
  "organoid_id": "day4_B02_97",
  "surface_area": 129.89627555249302,
  "volume": 137.18185424804688,
  "t_value": 1.0,
  "complexity": 0.970064281611358
}