{
  "organoid_id": "day4_A05_60",
  "surface_area": 189.08725141699117,
  "volume": 239.72044372558594,
  "t_value": 1.0,
  "complexity": 0.9719150198372762
}