{
  "organoid_id": "day4_A04_34",
  "surface_area": 156.5569099529062,
  "volume": 174.4159698486328,
  "t_value": 1.0,
  "complexity": 2.250281775650042
}