{
  "organoid_id": "day4_A02_53",
  "surface_area": 182.6723944299367,
  "volume": 207.728271484375,
  "t_value": 1.0,
  "complexity": 2.60178319825318
}