{
  "organoid_id": "day4_A02_51",
  "surface_area": 215.4797082197227,
  "volume": 237.16571044921875,
  "t_value": 1.0,
  "complexity": 3.332156406773378
}