{
  "organoid_id": "day4p5-more_C01_15",
  "surface_area": 134.61682521614125,
  "volume": 142.99928283691406,
  "t_value": 1.0,
  "complexity": 0.978480518706758
}