{
  "organoid_id": "day4_B02_28",
  "surface_area": 152.85162807148913,
  "volume": 173.7407684326172,
  "t_value": 1.0,
  "complexity": 0.9752494990109516
}