{
  "organoid_id": "day4_A06_102",
  "surface_area": 257.4240553779265,
  "volume": 365.1948547363281,
  "t_value": 1.0,
  "complexity": 2.3158482224587984
}