{
  "organoid_id": "day4p5_A06_37",
  "surface_area": 222.60044450640785,
  "volume": 286.7427673339844,
  "t_value": 1.0,
  "complexity": 2.822772354285925
}