{
  "organoid_id": "day4p5-more_C01_101",
  "surface_area": 123.2736339601724,
  "volume": 127.10978698730469,
  "t_value": 1.0,
  "complexity": 0.9704845771933688
}