{
  "organoid_id": "day4p5-more_C03_132",
  "surface_area": 134.3760452455491,
  "volume": 142.8953857421875,
  "t_value": 1.0,
  "complexity": 0.979989776193888
}