{
  "organoid_id": "day4p5-more_C04_19",
  "surface_area": 245.67277611739175,
  "volume": 313.2981872558594,
  "t_value": 1.0,
  "complexity": NaN
}