{
  "organoid_id": "day4p5_B06_38",
  "surface_area": 416.5330704654499,
  "volume": 556.377197265625,
  "t_value": 1.0,
  "complexity": 3.819232857424928
}