{
  "organoid_id": "day4_B01_18",
  "surface_area": 278.0371927398617,
  "volume": 405.3957824707031,
  "t_value": 1.0,
  "complexity": 2.4651058810843027
}