{
  "organoid_id": "day4p5-more_C01_48",
  "surface_area": 272.7587952829646,
  "volume": 407.513916015625,
  "t_value": 1.0,
  "complexity": 0.9892753249923824
}