{
  "organoid_id": "day4p5-more_C03_84",
  "surface_area": 376.96444047881,
  "volume": 555.1243896484375,
  "t_value": 1.0,
  "complexity": 3.467989762316579
}