{
  "organoid_id": "day4p5-more_C05_113",
  "surface_area": 104.02726647286642,
  "volume": 98.05848693847656,
  "t_value": 1.0,
  "complexity": 0.9713126373334336
}