{
  "organoid_id": "day4_A02_49",
  "surface_area": 213.66851933804188,
  "volume": 282.9087829589844,
  "t_value": 1.0,
  "complexity": 0.988493415929324
}