{
  "organoid_id": "day4_A06_90",
  "surface_area": 435.7151973084026,
  "volume": 518.5426025390625,
  "t_value": 1.0,
  "complexity": NaN
}