{
  "organoid_id": "day4p5-more_C01_102",
  "surface_area": 238.3216441490397,
  "volume": 321.6170349121094,
  "t_value": 1.0,
  "complexity": 2.236149268007364
}