{
  "organoid_id": "day4p5-more_C03_18",
  "surface_area": 193.69115497902436,
  "volume": 238.1334991455078,
  "t_value": 1.0,
  "complexity": 2.142815031401464
}