{
  "organoid_id": "day4p5-more_C03_112",
  "surface_area": 351.8948971550819,
  "volume": 336.4318542480469,
  "t_value": 1.0,
  "complexity": NaN
}