{
  "organoid_id": "day4_A05_49",
  "surface_area": 183.86324064104107,
  "volume": 223.13534545898438,
  "t_value": 1.0,
  "complexity": 2.131654896850034
}