{
  "organoid_id": "day4_A04_90",
  "surface_area": 214.42785185244486,
  "volume": 277.4172668457031,
  "t_value": 1.0,
  "complexity": 2.259761512155769
}