{
  "organoid_id": "day4p5-more_C03_28",
  "surface_area": 63.368120727384316,
  "volume": 46.72913360595703,
  "t_value": 1.0,
  "complexity": 0.9748355534021862
}