{
  "organoid_id": "day4p5-more_C02_24",
  "surface_area": 252.96450718193458,
  "volume": 331.9999084472656,
  "t_value": 1.0,
  "complexity": 2.7280639068362245
}