{
  "organoid_id": "day4p5-more_C04_93",
  "surface_area": 249.9163958379772,
  "volume": 339.394775390625,
  "t_value": 1.0,
  "complexity": 2.7697329411092517
}