{
  "organoid_id": "day4p5-more_C02_110",
  "surface_area": 144.60177309883812,
  "volume": 161.13914489746094,
  "t_value": 1.0,
  "complexity": 0.973184144960858
}