{
  "organoid_id": "day4p5-more_C04_50",
  "surface_area": 144.98294870241523,
  "volume": 161.6748504638672,
  "t_value": 1.0,
  "complexity": 0.9727257655661268
}