{
  "organoid_id": "day4p5-more_C06_141",
  "surface_area": 137.73847665922352,
  "volume": 143.9171600341797,
  "t_value": 1.0,
  "complexity": 2.177529405055472
}