{
  "organoid_id": "day4p5-more_C03_166",
  "surface_area": 162.54836721845606,
  "volume": 100.73806762695312,
  "t_value": 1.0,
  "complexity": NaN
}