{
  "organoid_id": "day4p5-more_C03_121",
  "surface_area": 270.8994249370078,
  "volume": 397.1216735839844,
  "t_value": 1.0,
  "complexity": 1.8199347106306367
}