{
  "organoid_id": "day4p5-more_C02_129",
  "surface_area": 205.24821186236204,
  "volume": 256.53521728515625,
  "t_value": 1.0,
  "complexity": 2.2456409327624804
}