{
  "organoid_id": "day4p5-more_C01_69",
  "surface_area": 295.1677423249141,
  "volume": 426.4195556640625,
  "t_value": 1.0,
  "complexity": 2.504679804514329
}