{
  "organoid_id": "day4_A02_59",
  "surface_area": 141.40567386674937,
  "volume": 155.66571044921875,
  "t_value": 1.0,
  "complexity": 0.9701209637662056
}