{
  "organoid_id": "day4_A04_42",
  "surface_area": 165.84451544678964,
  "volume": 197.01852416992188,
  "t_value": 1.0,
  "complexity": 0.9726320812634656
}