{
  "organoid_id": "day4p5-more_C04_111",
  "surface_area": 305.46937849218887,
  "volume": 382.1109619140625,
  "t_value": 1.0,
  "complexity": 3.5776331108070054
}