{
  "organoid_id": "day4p5-more_C02_46",
  "surface_area": 280.6290616664578,
  "volume": 424.94073486328125,
  "t_value": 1.0,
  "complexity": 0.9925700099905072
}