{
  "organoid_id": "day4_B01_40",
  "surface_area": 227.4708329089186,
  "volume": 298.5636291503906,
  "t_value": 1.0,
  "complexity": 2.457531669984409
}