{
  "organoid_id": "day4_A04_82",
  "surface_area": 361.7222719935855,
  "volume": 474.3862609863281,
  "t_value": 1.0,
  "complexity": NaN
}