{
  "organoid_id": "day4p5-more_C06_186",
  "surface_area": 159.51311309026192,
  "volume": 179.30535888671875,
  "t_value": 1.0,
  "complexity": 2.221720323403748
}