{
  "organoid_id": "day4_B02_75",
  "surface_area": 153.63925160440067,
  "volume": 174.32669067382812,
  "t_value": 1.0,
  "complexity": 0.9787243069899106
}