{
  "organoid_id": "day4_A06_100",
  "surface_area": 216.72849333191886,
  "volume": 281.0097961425781,
  "t_value": 1.0,
  "complexity": 2.325233276091844
}