{
  "organoid_id": "day4_A06_105",
  "surface_area": 166.43580079378668,
  "volume": 197.61851501464844,
  "t_value": 1.0,
  "complexity": 0.9800504470271716
}