{
  "organoid_id": "day4p5-more_C03_123",
  "surface_area": 114.82876812068159,
  "volume": 109.82296752929688,
  "t_value": 1.0,
  "complexity": 0.9914009884053208
}