{
  "organoid_id": "day4p5-more_C01_138",
  "surface_area": 210.26664280056016,
  "volume": 234.8766632080078,
  "t_value": 1.0,
  "complexity": NaN
}