{
  "organoid_id": "day4p5_B06_80",
  "surface_area": 208.46960799516816,
  "volume": 269.35546875,
  "t_value": 1.0,
  "complexity": 2.0969749419532446
}