{
  "organoid_id": "day4p5-more_C03_135",
  "surface_area": 281.0188678975028,
  "volume": 310.514404296875,
  "t_value": 1.0,
  "complexity": NaN
}