{
  "organoid_id": "day4p5-more_C01_6",
  "surface_area": 86.47886747537493,
  "volume": 74.3286361694336,
  "t_value": 1.0,
  "complexity": 0.9738614554809067
}