{
  "organoid_id": "day4p5-more_C02_113",
  "surface_area": 81.85205325587312,
  "volume": 68.5624771118164,
  "t_value": 1.0,
  "complexity": 0.9758460650230166
}