{
  "organoid_id": "day4_A05_9",
  "surface_area": 114.1057758945005,
  "volume": 110.21488952636719,
  "t_value": 1.0,
  "complexity": 0.9894480269648112
}