{
  "organoid_id": "day4p5-more_C01_11",
  "surface_area": 148.03669693938198,
  "volume": 166.5426788330078,
  "t_value": 1.0,
  "complexity": 0.9739186801307138
}