{
  "organoid_id": "day4p5-more_C05_19",
  "surface_area": 280.7913687560713,
  "volume": 413.56536865234375,
  "t_value": 1.0,
  "complexity": 1.882213816963009
}