{
  "organoid_id": "day4_B01_4",
  "surface_area": 218.30034481836694,
  "volume": 267.7711486816406,
  "t_value": 1.0,
  "complexity": NaN
}