{
  "organoid_id": "day4p5-more_C05_4",
  "surface_area": 529.7555862360529,
  "volume": 514.9635009765625,
  "t_value": 1.0,
  "complexity": NaN
}