{
  "organoid_id": "day4p5-more_C06_146",
  "surface_area": 91.07147303999582,
  "volume": 80.68710327148438,
  "t_value": 1.0,
  "complexity": 0.9705345538459637
}