{
  "organoid_id": "day4p5-more_C01_127",
  "surface_area": 326.5745680930448,
  "volume": 479.8773498535156,
  "t_value": 1.0,
  "complexity": 2.775961798054868
}