{
  "organoid_id": "day4p5-more_C05_160",
  "surface_area": 240.54619059363972,
  "volume": 334.18829345703125,
  "t_value": 1.0,
  "complexity": 2.0104695827021586
}