{
  "organoid_id": "day4p5_A06_43",
  "surface_area": 330.92450377522067,
  "volume": 426.54376220703125,
  "t_value": 1.0,
  "complexity": NaN
}