{
  "organoid_id": "day4p5-more_C02_130",
  "surface_area": 235.50181536310743,
  "volume": 318.35382080078125,
  "t_value": 1.0,
  "complexity": 2.1059626962840494
}