{
  "organoid_id": "day4_B01_72",
  "surface_area": 195.33408687587894,
  "volume": 243.6744384765625,
  "t_value": 1.0,
  "complexity": 0.998258537439763
}