{
  "organoid_id": "day4_A05_21",
  "surface_area": 179.93189499015082,
  "volume": 154.61610412597656,
  "t_value": 1.0,
  "complexity": NaN
}