{
  "organoid_id": "day4p5-more_C05_150",
  "surface_area": 146.25243261059148,
  "volume": 158.4934844970703,
  "t_value": 1.0,
  "complexity": 2.0004418255217997
}