{
  "organoid_id": "day4_A06_28",
  "surface_area": 156.73587525896787,
  "volume": 179.13916015625,
  "t_value": 1.0,
  "complexity": 0.985770995595929
}