{
  "organoid_id": "day4p5_B06_116",
  "surface_area": 222.89473889956497,
  "volume": 304.0322570800781,
  "t_value": 1.0,
  "complexity": 0.9800338538490182
}