{
  "organoid_id": "day4p5-more_C01_58",
  "surface_area": 220.23120674844122,
  "volume": 287.94329833984375,
  "t_value": 1.0,
  "complexity": 2.250939020882252
}