{
  "organoid_id": "day4p5_B06_10",
  "surface_area": 592.3476389886772,
  "volume": 960.9954223632812,
  "t_value": 1.0,
  "complexity": NaN
}