{
  "organoid_id": "day4p5-more_C01_103",
  "surface_area": 228.32828563690717,
  "volume": 301.8346862792969,
  "t_value": 1.0,
  "complexity": 2.401941002701488
}