{
  "organoid_id": "day4_B01_32",
  "surface_area": 234.13763276480648,
  "volume": 308.500732421875,
  "t_value": 1.0,
  "complexity": 2.790334714170168
}