{
  "organoid_id": "day4p5-more_C03_24",
  "surface_area": 131.48727549568923,
  "volume": 140.1080322265625,
  "t_value": 1.0,
  "complexity": 0.9703626365260846
}