{
  "organoid_id": "day4_B01_22",
  "surface_area": 133.9072495181214,
  "volume": 142.93301391601562,
  "t_value": 1.0,
  "complexity": 0.975521599207491
}