{
  "organoid_id": "day4_B02_87",
  "surface_area": 186.37286900789337,
  "volume": 230.96876525878906,
  "t_value": 1.0,
  "complexity": 0.987690198639704
}