{
  "organoid_id": "day4_A06_65",
  "surface_area": 363.6030760281124,
  "volume": 462.0612487792969,
  "t_value": 1.0,
  "complexity": 3.561307672931732
}