{
  "organoid_id": "day4_B01_83",
  "surface_area": 258.54421074622906,
  "volume": 313.85028076171875,
  "t_value": 1.0,
  "complexity": 3.2356398330961125
}