{
  "organoid_id": "day4p5-more_C03_100",
  "surface_area": 193.24954032809484,
  "volume": 240.91131591796875,
  "t_value": 1.0,
  "complexity": 0.9920184466873604
}