{
  "organoid_id": "day4p5-more_C04_125",
  "surface_area": 320.0023029512144,
  "volume": 393.1995544433594,
  "t_value": 1.0,
  "complexity": NaN
}