{
  "organoid_id": "day4p5-more_C02_35",
  "surface_area": 449.7195377145612,
  "volume": 556.803955078125,
  "t_value": 1.0,
  "complexity": NaN
}