{
  "organoid_id": "day4p5-more_C01_2",
  "surface_area": 183.82198570164513,
  "volume": 225.00514221191406,
  "t_value": 1.0,
  "complexity": 0.9887325336166886
}