{
  "organoid_id": "day4_A05_11",
  "surface_area": 194.37174972003248,
  "volume": 247.5612030029297,
  "t_value": 1.0,
  "complexity": 0.9867772916606564
}