{
  "organoid_id": "day4p5-more_C03_44",
  "surface_area": 108.54878030018978,
  "volume": 103.0921401977539,
  "t_value": 1.0,
  "complexity": 0.98344606700171
}