{
  "organoid_id": "day4p5-more_C06_68",
  "surface_area": 165.1977224896628,
  "volume": 196.21890258789062,
  "t_value": 1.0,
  "complexity": 0.9698489781432827
}