{
  "organoid_id": "day4p5-more_C03_42",
  "surface_area": 343.6404812296403,
  "volume": 465.2885437011719,
  "t_value": 1.0,
  "complexity": 2.846119928238767
}