{
  "organoid_id": "day4p5_B06_118",
  "surface_area": 214.49151079190162,
  "volume": 278.2134094238281,
  "t_value": 1.0,
  "complexity": 2.274755512754118
}