{
  "organoid_id": "day4_A05_48",
  "surface_area": 190.88472703722255,
  "volume": 242.02157592773438,
  "t_value": 1.0,
  "complexity": 0.9773349962170632
}