{
  "organoid_id": "day4p5_B06_52",
  "surface_area": 232.1792898881734,
  "volume": 286.2907409667969,
  "t_value": 1.0,
  "complexity": 2.749284423020719
}