{
  "organoid_id": "day4_A02_19",
  "surface_area": 250.7258364565439,
  "volume": 359.84600830078125,
  "t_value": 1.0,
  "complexity": 0.9873803847168728
}