{
  "organoid_id": "day4p5_A06_11",
  "surface_area": 203.1772198084339,
  "volume": 256.1302795410156,
  "t_value": 1.0,
  "complexity": 2.2814402100471423
}