{
  "organoid_id": "day4p5-more_C05_64",
  "surface_area": 279.2941258658078,
  "volume": 315.6352844238281,
  "t_value": 1.0,
  "complexity": 2.997229741564573
}