{
  "organoid_id": "day4_B01_53",
  "surface_area": 184.67057177949124,
  "volume": 226.70797729492188,
  "t_value": 1.0,
  "complexity": 0.99700794371721
}