{
  "organoid_id": "day4_A03_6",
  "surface_area": 187.8622935639605,
  "volume": 223.88446044921875,
  "t_value": 1.0,
  "complexity": 2.595849750451344
}