{
  "organoid_id": "day4p5-more_C06_168",
  "surface_area": 283.2173542800499,
  "volume": 422.1288146972656,
  "t_value": 1.0,
  "complexity": 2.0566678223393
}