{
  "organoid_id": "day4p5-more_C03_71",
  "surface_area": 147.11380985064707,
  "volume": 158.7478485107422,
  "t_value": 1.0,
  "complexity": 2.123360107634785
}