{
  "organoid_id": "day4p5-more_C01_71",
  "surface_area": 91.73701876007144,
  "volume": 81.48454284667969,
  "t_value": 1.0,
  "complexity": 0.9717950416251986
}