{
  "organoid_id": "day4p5-more_C03_34",
  "surface_area": 373.64772230302464,
  "volume": 509.37060546875,
  "t_value": 1.0,
  "complexity": 2.844261702879064
}