{
  "organoid_id": "day4p5-more_C04_127",
  "surface_area": 153.99770669700916,
  "volume": 177.82305908203125,
  "t_value": 1.0,
  "complexity": 0.9658454646670176
}