{
  "organoid_id": "day4_A04_46",
  "surface_area": 181.0560573448872,
  "volume": 227.13763427734375,
  "t_value": 1.0,
  "complexity": 0.9658848767629394
}