{
  "organoid_id": "day4p5-more_C04_132",
  "surface_area": 254.8877956871823,
  "volume": 304.2330627441406,
  "t_value": 1.0,
  "complexity": NaN
}