{
  "organoid_id": "day4p5-more_C04_99",
  "surface_area": 294.06689772940234,
  "volume": 261.49481201171875,
  "t_value": 1.0,
  "complexity": NaN
}