{
  "organoid_id": "day4p5_B06_53",
  "surface_area": 322.3284614591599,
  "volume": 455.1323547363281,
  "t_value": 1.0,
  "complexity": 3.3389103732146928
}