{
  "organoid_id": "day4p5-more_C02_88",
  "surface_area": 587.6337505325466,
  "volume": 727.60009765625,
  "t_value": 1.0,
  "complexity": NaN
}