{
  "organoid_id": "day4p5-more_C01_18",
  "surface_area": 213.16157293780293,
  "volume": 279.1162109375,
  "t_value": 1.0,
  "complexity": 0.9943847347591668
}