{
  "organoid_id": "day4p5-more_C06_166",
  "surface_area": 304.0098595746594,
  "volume": 363.9276428222656,
  "t_value": 1.0,
  "complexity": NaN
}