{
  "organoid_id": "day4p5_B06_41",
  "surface_area": 352.90307041573874,
  "volume": 550.7769165039062,
  "t_value": 1.0,
  "complexity": 2.6856855401896595
}