{
  "organoid_id": "day4p5-more_C05_143",
  "surface_area": 357.8435825245971,
  "volume": 447.355224609375,
  "t_value": 1.0,
  "complexity": NaN
}