{
  "organoid_id": "day4p5-more_C03_47",
  "surface_area": 121.46741305211174,
  "volume": 124.92960357666016,
  "t_value": 1.0,
  "complexity": 0.9645199971241168
}