{
  "organoid_id": "day4p5-more_C03_85",
  "surface_area": 305.4661227749145,
  "volume": 469.2630310058594,
  "t_value": 1.0,
  "complexity": 2.1221552734804083
}