{
  "organoid_id": "day4_B02_63",
  "surface_area": 177.89884706031634,
  "volume": 218.36178588867188,
  "t_value": 1.0,
  "complexity": 0.97467499857786
}