{
  "organoid_id": "day4p5_B06_36",
  "surface_area": 258.1027085078674,
  "volume": 362.02606201171875,
  "t_value": 1.0,
  "complexity": 2.4425884362278896
}