{
  "organoid_id": "day4_B02_22",
  "surface_area": 222.72169985462875,
  "volume": 232.6238555908203,
  "t_value": 1.0,
  "complexity": 3.322899079803417
}