{
  "organoid_id": "day4p5-more_C04_67",
  "surface_area": 243.1841352238437,
  "volume": 266.86541748046875,
  "t_value": 1.0,
  "complexity": 2.5824142385798385
}