{
  "organoid_id": "day4_A05_13",
  "surface_area": 244.79504472795728,
  "volume": 340.5058288574219,
  "t_value": 1.0,
  "complexity": 0.9981065090268686
}