{
  "organoid_id": "day4p5-more_C02_34",
  "surface_area": 387.48829509349105,
  "volume": 506.745361328125,
  "t_value": 1.0,
  "complexity": 3.239999418527777
}