{
  "organoid_id": "day4_B01_16",
  "surface_area": 174.40813470210878,
  "volume": 184.57049560546875,
  "t_value": 1.0,
  "complexity": 2.788581390430606
}