{
  "organoid_id": "day4p5-more_C01_130",
  "surface_area": 218.27054123827867,
  "volume": 300.2449645996094,
  "t_value": 1.0,
  "complexity": 0.9684083791859978
}