{
  "organoid_id": "day4p5_A06_19",
  "surface_area": 380.4522652494743,
  "volume": 504.117919921875,
  "t_value": 1.0,
  "complexity": 2.280542113375612
}