{
  "organoid_id": "day4_A06_101",
  "surface_area": 191.67105437520095,
  "volume": 238.96441650390625,
  "t_value": 1.0,
  "complexity": 0.9898676822512564
}