{
  "organoid_id": "day4p5-more_C05_58",
  "surface_area": 137.66867007282164,
  "volume": 149.43878173828125,
  "t_value": 1.0,
  "complexity": 0.9753706498213756
}