{
  "organoid_id": "day4p5_B06_20",
  "surface_area": 419.81897268363974,
  "volume": 719.2242431640625,
  "t_value": 1.0,
  "complexity": 2.7406375954438023
}