{
  "organoid_id": "day4p5-more_C01_3",
  "surface_area": 217.08707233083783,
  "volume": 287.1539001464844,
  "t_value": 1.0,
  "complexity": 0.998065291112449
}