{
  "organoid_id": "day4_B02_86",
  "surface_area": 314.69609922625335,
  "volume": 449.4144592285156,
  "t_value": 1.0,
  "complexity": 3.562050432399255
}