{
  "organoid_id": "day4p5_B06_49",
  "surface_area": 449.58553898386526,
  "volume": 645.8932495117188,
  "t_value": 1.0,
  "complexity": 4.0
}