{
  "organoid_id": "day4_A05_80",
  "surface_area": 196.38820448270664,
  "volume": 245.3597869873047,
  "t_value": 1.0,
  "complexity": 2.0092269203118667
}