{
  "organoid_id": "day4p5-more_C04_11",
  "surface_area": 975.549501287497,
  "volume": 1978.399658203125,
  "t_value": 1.0,
  "complexity": 3.944332287498408
}