{
  "organoid_id": "day4p5_B06_29",
  "surface_area": 106.58460913225882,
  "volume": 99.71427154541016,
  "t_value": 1.0,
  "complexity": 0.9887727006188584
}