{
  "organoid_id": "day4p5-more_C03_142",
  "surface_area": 623.4288789204139,
  "volume": 814.1536865234375,
  "t_value": 1.0,
  "complexity": NaN
}