{
  "organoid_id": "day4p5-more_C06_117",
  "surface_area": 137.2755480782263,
  "volume": 148.9463653564453,
  "t_value": 1.0,
  "complexity": 0.9736730519450016
}