{
  "organoid_id": "day4p5-more_C02_44",
  "surface_area": 93.18605555124614,
  "volume": 82.19286346435547,
  "t_value": 1.0,
  "complexity": 0.98209248417998
}