{
  "organoid_id": "day4p5-more_C02_111",
  "surface_area": 274.1013755926404,
  "volume": 397.0053405761719,
  "t_value": 1.0,
  "complexity": 2.3466118900656574
}