{
  "organoid_id": "day4_A04_54",
  "surface_area": 127.12631584461008,
  "volume": 132.2221221923828,
  "t_value": 1.0,
  "complexity": 0.973167501629008
}