{
  "organoid_id": "day4p5-more_C05_63",
  "surface_area": 83.2946506423414,
  "volume": 69.97815704345703,
  "t_value": 1.0,
  "complexity": 0.9773423619592037
}