{
  "organoid_id": "day4p5_B06_35",
  "surface_area": 374.2748603727599,
  "volume": 573.1254272460938,
  "t_value": 1.0,
  "complexity": 3.148861076476789
}