{
  "organoid_id": "day4p5-more_C05_84",
  "surface_area": 203.11447117234002,
  "volume": 262.9346618652344,
  "t_value": 1.0,
  "complexity": 0.9907788442970634
}