{
  "organoid_id": "day4p5-more_C03_20",
  "surface_area": 465.3702922249631,
  "volume": 694.4990234375,
  "t_value": 1.0,
  "complexity": 3.833115288563588
}