{
  "organoid_id": "day4p5-more_C03_86",
  "surface_area": 396.4425077537305,
  "volume": 409.4870300292969,
  "t_value": 1.0,
  "complexity": NaN
}