{
  "organoid_id": "day4_B02_52",
  "surface_area": 300.45252523832715,
  "volume": 428.0483093261719,
  "t_value": 1.0,
  "complexity": 2.827791210892668
}