{
  "organoid_id": "day4p5_B06_99",
  "surface_area": 117.85040390674834,
  "volume": 117.14735412597656,
  "t_value": 1.0,
  "complexity": 0.981908787747744
}