{
  "organoid_id": "day4_B01_85",
  "surface_area": 162.39619243624082,
  "volume": 185.91244506835938,
  "t_value": 1.0,
  "complexity": 0.9888475209422704
}