{
  "organoid_id": "day4_B01_29",
  "surface_area": 235.47751560330755,
  "volume": 306.48968505859375,
  "t_value": 1.0,
  "complexity": 2.8574262354848314
}