{
  "organoid_id": "day4_A06_8",
  "surface_area": 289.64986722994087,
  "volume": 381.1969299316406,
  "t_value": 1.0,
  "complexity": 3.39546319866219
}