{
  "organoid_id": "day4_A05_6",
  "surface_area": 258.8439354050887,
  "volume": 296.709716796875,
  "t_value": 1.0,
  "complexity": 3.3526972746475088
}