{
  "organoid_id": "day4_A06_13",
  "surface_area": 190.42569850424917,
  "volume": 223.53390502929688,
  "t_value": 1.0,
  "complexity": 2.619563112592156
}