{
  "organoid_id": "day4_A04_10",
  "surface_area": 225.1424733156477,
  "volume": 271.6300354003906,
  "t_value": 1.0,
  "complexity": 2.9560970335511527
}