{
  "organoid_id": "day4p5-more_C06_143",
  "surface_area": 110.0010376391741,
  "volume": 107.63397216796875,
  "t_value": 1.0,
  "complexity": 0.9657013879640328
}