{
  "organoid_id": "day4p5-more_C02_132",
  "surface_area": 234.21681810718292,
  "volume": 297.6406555175781,
  "t_value": 1.0,
  "complexity": 2.7086806784549027
}