{
  "organoid_id": "day4p5-more_C03_120",
  "surface_area": 421.23783767372225,
  "volume": 503.3296203613281,
  "t_value": 1.0,
  "complexity": 3.6457977193958913
}