{
  "organoid_id": "day4p5_B06_77",
  "surface_area": 261.9764991460854,
  "volume": 345.48272705078125,
  "t_value": 1.0,
  "complexity": 2.766507377505189
}