{
  "organoid_id": "day4_A06_16",
  "surface_area": 247.58509666769947,
  "volume": 287.28839111328125,
  "t_value": 1.0,
  "complexity": 3.2251345005837844
}