{
  "organoid_id": "day4p5-more_C05_117",
  "surface_area": 127.3494583439738,
  "volume": 125.8072509765625,
  "t_value": 1.0,
  "complexity": 2.61766203214689
}