{
  "organoid_id": "day4p5-more_C01_52",
  "surface_area": 389.9295669797647,
  "volume": 513.8280639648438,
  "t_value": 1.0,
  "complexity": 2.960624875129955
}