{
  "organoid_id": "day4_B01_49",
  "surface_area": 135.6394057809278,
  "volume": 145.2439727783203,
  "t_value": 1.0,
  "complexity": 0.973605496194254
}