{
  "organoid_id": "day4p5-more_C06_167",
  "surface_area": 154.84094979587934,
  "volume": 174.6121368408203,
  "t_value": 1.0,
  "complexity": 0.9882993118375364
}