{
  "organoid_id": "day4p5-more_C01_94",
  "surface_area": 268.381152400892,
  "volume": 341.514892578125,
  "t_value": 1.0,
  "complexity": NaN
}