{
  "organoid_id": "day4p5-more_C03_114",
  "surface_area": 203.07327454174433,
  "volume": 265.5841369628906,
  "t_value": 1.0,
  "complexity": 0.9792236189283976
}