{
  "organoid_id": "day4_A06_19",
  "surface_area": 89.92943798247069,
  "volume": 78.9925537109375,
  "t_value": 1.0,
  "complexity": 0.9723427042081773
}