{
  "organoid_id": "day4_B01_78",
  "surface_area": 264.38447730030964,
  "volume": 326.5416564941406,
  "t_value": 1.0,
  "complexity": 2.992989693284985
}