{
  "organoid_id": "day4p5-more_C05_98",
  "surface_area": 303.3519323213578,
  "volume": 419.82281494140625,
  "t_value": 1.0,
  "complexity": 2.986068188856092
}