{
  "organoid_id": "day4p5-more_C01_14",
  "surface_area": 204.69461723334416,
  "volume": 261.1974792480469,
  "t_value": 1.0,
  "complexity": 0.9974955961505168
}