{
  "organoid_id": "day4_A04_28",
  "surface_area": 210.5899534271236,
  "volume": 283.003662109375,
  "t_value": 1.0,
  "complexity": 0.9713648459246782
}