{
  "organoid_id": "day4p5-more_C04_91",
  "surface_area": 176.0522887869444,
  "volume": 217.25413513183594,
  "t_value": 1.0,
  "complexity": 0.9683430541411544
}