{
  "organoid_id": "day4p5-more_C04_1",
  "surface_area": 231.74471850823286,
  "volume": 288.4394836425781,
  "t_value": 1.0,
  "complexity": 2.869198738173905
}