{
  "organoid_id": "day4_A04_61",
  "surface_area": 214.85641788613623,
  "volume": 251.94320678710938,
  "t_value": 1.0,
  "complexity": 2.979837197214588
}