{
  "organoid_id": "day4p5-more_C04_42",
  "surface_area": 174.18717695666436,
  "volume": 211.3160858154297,
  "t_value": 1.0,
  "complexity": 0.9805701784188726
}