{
  "organoid_id": "day4_A05_83",
  "surface_area": 224.17017108451796,
  "volume": 307.00836181640625,
  "t_value": 1.0,
  "complexity": 0.9810886263898632
}