{
  "organoid_id": "day4_A02_50",
  "surface_area": 202.76254260414342,
  "volume": 216.91415405273438,
  "t_value": 1.0,
  "complexity": NaN
}