{
  "organoid_id": "day4p5-more_C06_180",
  "surface_area": 315.7519208424286,
  "volume": 334.6033020019531,
  "t_value": 1.0,
  "complexity": NaN
}