{
  "organoid_id": "day4p5-more_C02_98",
  "surface_area": 206.80664299295694,
  "volume": 268.03643798828125,
  "t_value": 1.0,
  "complexity": 0.9931715413047022
}