{
  "organoid_id": "day4p5-more_C04_86",
  "surface_area": 246.74592110520888,
  "volume": 346.4476013183594,
  "t_value": 1.0,
  "complexity": 0.996755976246313
}