{
  "organoid_id": "day4p5-more_C03_45",
  "surface_area": 479.9017400500063,
  "volume": 529.2055053710938,
  "t_value": 1.0,
  "complexity": NaN
}