{
  "organoid_id": "day4p5-more_C03_27",
  "surface_area": 292.48521338285514,
  "volume": 407.99359130859375,
  "t_value": 1.0,
  "complexity": 2.805081851129731
}