{
  "organoid_id": "day4p5-more_C03_30",
  "surface_area": 390.59548240324773,
  "volume": 476.8597412109375,
  "t_value": 1.0,
  "complexity": NaN
}