{
  "organoid_id": "day4p5-more_C03_72",
  "surface_area": 337.34667539443075,
  "volume": 351.1437072753906,
  "t_value": 1.0,
  "complexity": NaN
}