{
  "organoid_id": "day4_A06_104",
  "surface_area": 254.81385312225262,
  "volume": 343.4664306640625,
  "t_value": 1.0,
  "complexity": 2.8533383227053184
}