{
  "organoid_id": "day4_B01_33",
  "surface_area": 237.52614804417388,
  "volume": 265.9822692871094,
  "t_value": 1.0,
  "complexity": 2.7141152756842875
}