{
  "organoid_id": "day4_B01_105",
  "surface_area": 286.94249684736116,
  "volume": 409.2464599609375,
  "t_value": 1.0,
  "complexity": NaN
}