{
  "organoid_id": "day4p5-more_C03_49",
  "surface_area": 223.23794467758532,
  "volume": 266.579345703125,
  "t_value": 1.0,
  "complexity": 2.778929690265476
}