{
  "organoid_id": "day4_A04_48",
  "surface_area": 224.59211354802315,
  "volume": 263.57440185546875,
  "t_value": 1.0,
  "complexity": 2.65723379945378
}