{
  "organoid_id": "day4p5-more_C02_31",
  "surface_area": 83.01825008368819,
  "volume": 68.50080871582031,
  "t_value": 1.0,
  "complexity": 0.9842316232546504
}