{
  "organoid_id": "day4_A05_7",
  "surface_area": 275.2242656384145,
  "volume": 359.29437255859375,
  "t_value": 1.0,
  "complexity": 3.246045324131111
}