{
  "organoid_id": "day4p5_B06_62",
  "surface_area": 318.6702282080277,
  "volume": 451.6499938964844,
  "t_value": 1.0,
  "complexity": 2.793212961789522
}