{
  "organoid_id": "day4p5-more_C05_76",
  "surface_area": 217.38995429921974,
  "volume": 297.6252136230469,
  "t_value": 1.0,
  "complexity": 0.96788494520039
}