{
  "organoid_id": "day4p5-more_C02_22",
  "surface_area": 100.22143637665008,
  "volume": 91.59513092041016,
  "t_value": 1.0,
  "complexity": 0.9835366855084876
}