{
  "organoid_id": "day4p5-more_C04_16",
  "surface_area": 516.5810087552229,
  "volume": 654.7688598632812,
  "t_value": 1.0,
  "complexity": NaN
}