{
  "organoid_id": "day4p5-more_C03_165",
  "surface_area": 374.2269358865616,
  "volume": 597.4386596679688,
  "t_value": 1.0,
  "complexity": 2.779991969910457
}