{
  "organoid_id": "day4_B01_20",
  "surface_area": 225.84476483972395,
  "volume": 304.08709716796875,
  "t_value": 1.0,
  "complexity": 0.9966843896214346
}