{
  "organoid_id": "day4p5_A06_47",
  "surface_area": 336.7816689185432,
  "volume": 479.7659606933594,
  "t_value": 1.0,
  "complexity": 2.967838359508249
}