{
  "organoid_id": "day4_A02_57",
  "surface_area": 141.7568995690428,
  "volume": 152.35694885253906,
  "t_value": 1.0,
  "complexity": 0.9893409207542664
}