{
  "organoid_id": "day4_A05_38",
  "surface_area": 157.89844482418488,
  "volume": 183.0230712890625,
  "t_value": 1.0,
  "complexity": 0.9737706806843304
}