{
  "organoid_id": "day4_B01_86",
  "surface_area": 336.75589159604476,
  "volume": 471.77752685546875,
  "t_value": 1.0,
  "complexity": 2.926526517271753
}