{
  "organoid_id": "day4_A04_65",
  "surface_area": 268.50388531450477,
  "volume": 349.4290771484375,
  "t_value": 1.0,
  "complexity": 2.9340745187803225
}