{
  "organoid_id": "day4_A04_62",
  "surface_area": 211.53545437491573,
  "volume": 200.27671813964844,
  "t_value": 1.0,
  "complexity": 3.219399070826697
}