{
  "organoid_id": "day4p5_A06_66",
  "surface_area": 198.1970338332134,
  "volume": 255.77108764648438,
  "t_value": 1.0,
  "complexity": 0.9820486994835448
}