{
  "organoid_id": "day4p5-more_C03_171",
  "surface_area": 427.46655447225686,
  "volume": 580.213623046875,
  "t_value": 1.0,
  "complexity": NaN
}