{
  "organoid_id": "day4p5-more_C01_129",
  "surface_area": 156.52682825328424,
  "volume": 179.3212432861328,
  "t_value": 1.0,
  "complexity": 0.980489959385368
}