{
  "organoid_id": "day4p5-more_C02_119",
  "surface_area": 259.09721846034995,
  "volume": 305.62164306640625,
  "t_value": 1.0,
  "complexity": 2.8581778608201818
}