{
  "organoid_id": "day4p5-more_C05_79",
  "surface_area": 237.51963477458068,
  "volume": 284.7967834472656,
  "t_value": 1.0,
  "complexity": 3.987366592277087
}