{
  "organoid_id": "day4p5_A06_16",
  "surface_area": 360.4811424037398,
  "volume": 590.0874633789062,
  "t_value": 1.0,
  "complexity": NaN
}