{
  "organoid_id": "day4p5-more_C03_36",
  "surface_area": 295.1251745159294,
  "volume": 400.08953857421875,
  "t_value": 1.0,
  "complexity": 2.888006594643073
}