{
  "organoid_id": "day4p5-more_C06_135",
  "surface_area": 93.14190299345154,
  "volume": 82.91542053222656,
  "t_value": 1.0,
  "complexity": 0.9765049486494884
}