{
  "organoid_id": "day4_A05_27",
  "surface_area": 255.46402404455483,
  "volume": 333.7955627441406,
  "t_value": 1.0,
  "complexity": 2.755374407165266
}