{
  "organoid_id": "day4p5_A06_51",
  "surface_area": 247.37126188895746,
  "volume": 345.78973388671875,
  "t_value": 1.0,
  "complexity": 2.181543915276416
}