{
  "organoid_id": "day4_B02_30",
  "surface_area": 313.2887338203662,
  "volume": 456.0143737792969,
  "t_value": 1.0,
  "complexity": 3.399295448620941
}