{
  "organoid_id": "day4_A05_71",
  "surface_area": 180.1453183290685,
  "volume": 218.80177307128906,
  "t_value": 1.0,
  "complexity": 0.994850068794391
}