{
  "organoid_id": "day4_A05_59",
  "surface_area": 215.16186377834566,
  "volume": 286.4447937011719,
  "t_value": 1.0,
  "complexity": 0.9905369404517024
}