{
  "organoid_id": "day4_A06_32",
  "surface_area": 198.82212794398825,
  "volume": 250.22535705566406,
  "t_value": 1.0,
  "complexity": 1.5173921826841257
}