{
  "organoid_id": "day4_A02_27",
  "surface_area": 360.5665571046388,
  "volume": 468.1204833984375,
  "t_value": 1.0,
  "complexity": 2.7686159956119027
}