{
  "organoid_id": "day4_B02_90",
  "surface_area": 1149.716540575585,
  "volume": 1015.7518310546875,
  "t_value": 1.0,
  "complexity": NaN
}