{
  "organoid_id": "day4_B01_57",
  "surface_area": 130.72305349035895,
  "volume": 132.99395751953125,
  "t_value": 1.0,
  "complexity": 2.1595044977347704
}