{
  "organoid_id": "day4p5-more_C01_87",
  "surface_area": 253.35988923801202,
  "volume": 313.7962951660156,
  "t_value": 1.0,
  "complexity": 2.980556821360606
}