{
  "organoid_id": "day4_B01_1",
  "surface_area": 184.5087595416893,
  "volume": 228.20872497558594,
  "t_value": 1.0,
  "complexity": 0.9870429177980184
}