{
  "organoid_id": "day4p5-more_C05_42",
  "surface_area": 382.78998760516293,
  "volume": 442.7823486328125,
  "t_value": 1.0,
  "complexity": NaN
}