{
  "organoid_id": "day4p5-more_C03_116",
  "surface_area": 193.64284209702535,
  "volume": 249.5782012939453,
  "t_value": 1.0,
  "complexity": 0.9729161304179288
}