{
  "organoid_id": "day4p5-more_C03_143",
  "surface_area": 279.4104032506993,
  "volume": 317.8360900878906,
  "t_value": 1.0,
  "complexity": 3.412965640551745
}