{
  "organoid_id": "day4p5-more_C04_109",
  "surface_area": 388.52633120025746,
  "volume": 381.0558166503906,
  "t_value": 1.0,
  "complexity": NaN
}