{
  "organoid_id": "day4p5-more_C03_41",
  "surface_area": 168.75124549330383,
  "volume": 202.82704162597656,
  "t_value": 1.0,
  "complexity": 0.9754215551626426
}