{
  "organoid_id": "day4_B02_13",
  "surface_area": 224.20925111605507,
  "volume": 276.0209045410156,
  "t_value": 1.0,
  "complexity": 3.12018544933434
}