{
  "organoid_id": "day4p5-more_C03_69",
  "surface_area": 265.0322347742494,
  "volume": 343.75421142578125,
  "t_value": 1.0,
  "complexity": 2.9045194519463937
}