{
  "organoid_id": "day4_B02_59",
  "surface_area": 216.93917709023512,
  "volume": 288.71551513671875,
  "t_value": 1.0,
  "complexity": 0.9863461009631652
}