{
  "organoid_id": "day4p5-more_C03_61",
  "surface_area": 300.70356922593857,
  "volume": 387.379638671875,
  "t_value": 1.0,
  "complexity": 2.602790294202024
}