{
  "organoid_id": "day4_A04_12",
  "surface_area": 156.7880030026067,
  "volume": 180.47677612304688,
  "t_value": 1.0,
  "complexity": 0.9752822629678838
}