{
  "organoid_id": "day4p5-more_C02_109",
  "surface_area": 219.0316777409282,
  "volume": 291.71063232421875,
  "t_value": 1.0,
  "complexity": 0.9977965492076616
}