{
  "organoid_id": "day4p5_B06_129",
  "surface_area": 234.13428364395654,
  "volume": 295.7544860839844,
  "t_value": 1.0,
  "complexity": 3.377131348468825
}