{
  "organoid_id": "day4_A04_50",
  "surface_area": 287.23513357916767,
  "volume": 431.1509094238281,
  "t_value": 1.0,
  "complexity": 1.8020754468467668
}