{
  "organoid_id": "day4_B01_25",
  "surface_area": 179.05324303567036,
  "volume": 198.33172607421875,
  "t_value": 1.0,
  "complexity": NaN
}