{
  "organoid_id": "day4p5-more_C02_90",
  "surface_area": 250.76731485419853,
  "volume": 344.5755310058594,
  "t_value": 1.0,
  "complexity": 2.33946450393484
}