{
  "organoid_id": "day4p5-more_C01_63",
  "surface_area": 307.5961936918437,
  "volume": 392.0707702636719,
  "t_value": 1.0,
  "complexity": 3.0307774829816685
}