{
  "organoid_id": "day4p5-more_C05_50",
  "surface_area": 159.64040429328085,
  "volume": 187.74444580078125,
  "t_value": 1.0,
  "complexity": 0.9676763201038442
}