{
  "organoid_id": "day4_A04_7",
  "surface_area": 178.90877234611824,
  "volume": 220.0235595703125,
  "t_value": 1.0,
  "complexity": 0.978106879501274
}