{
  "organoid_id": "day4_B01_101",
  "surface_area": 496.59418173593366,
  "volume": 715.954833984375,
  "t_value": 1.0,
  "complexity": NaN
}