{
  "organoid_id": "day4_A04_33",
  "surface_area": 108.07209237606313,
  "volume": 103.4345932006836,
  "t_value": 1.0,
  "complexity": 0.9746843181891006
}