{
  "organoid_id": "day4p5_B06_130",
  "surface_area": 240.96542746182664,
  "volume": 334.18975830078125,
  "t_value": 1.0,
  "complexity": 2.153775872380088
}