{
  "organoid_id": "day4p5-more_C06_133",
  "surface_area": 229.46058168925742,
  "volume": 297.021728515625,
  "t_value": 1.0,
  "complexity": 2.715974903713573
}