{
  "organoid_id": "day4p5-more_C01_74",
  "surface_area": 356.80660960741704,
  "volume": 414.8706359863281,
  "t_value": 1.0,
  "complexity": 3.4105425766297097
}