{
  "organoid_id": "day4p5-more_C01_9",
  "surface_area": 66.15482649786962,
  "volume": 50.047691345214844,
  "t_value": 1.0,
  "complexity": 0.9686571475323102
}