{
  "organoid_id": "day4_B01_48",
  "surface_area": 205.9332356847852,
  "volume": 259.55474853515625,
  "t_value": 1.0,
  "complexity": 2.420897681716136
}