{
  "organoid_id": "day4p5-more_C02_125",
  "surface_area": 168.108539931756,
  "volume": 199.0748748779297,
  "t_value": 1.0,
  "complexity": 0.9845297001946972
}