{
  "organoid_id": "day4_B02_92",
  "surface_area": 268.3241584493647,
  "volume": 297.3139953613281,
  "t_value": 1.0,
  "complexity": NaN
}