{
  "organoid_id": "day4p5-more_C01_21",
  "surface_area": 327.0260029205296,
  "volume": 430.864501953125,
  "t_value": 1.0,
  "complexity": 3.5156150589035966
}