{
  "organoid_id": "day4p5-more_C06_144",
  "surface_area": 204.73590539909998,
  "volume": 271.51434326171875,
  "t_value": 1.0,
  "complexity": 0.9703527343600258
}