{
  "organoid_id": "day4_B01_63",
  "surface_area": 208.0944534228322,
  "volume": 272.9582214355469,
  "t_value": 1.0,
  "complexity": 0.986306362825532
}