{
  "organoid_id": "day4_A06_6",
  "surface_area": 367.5343772401716,
  "volume": 460.25567626953125,
  "t_value": 1.0,
  "complexity": 3.3342238704195277
}