{
  "organoid_id": "day4_B01_96",
  "surface_area": 229.4352349792157,
  "volume": 315.42877197265625,
  "t_value": 1.0,
  "complexity": 0.9915220047389244
}