{
  "organoid_id": "day4_B01_58",
  "surface_area": 265.02186015788925,
  "volume": 321.8831481933594,
  "t_value": 1.0,
  "complexity": 2.816482359183734
}