{
  "organoid_id": "day4p5-more_C02_50",
  "surface_area": 219.03906328755767,
  "volume": 293.8817138671875,
  "t_value": 1.0,
  "complexity": 0.9845057241865268
}