{
  "organoid_id": "day4_B02_46",
  "surface_area": 228.16156510017868,
  "volume": 307.3961181640625,
  "t_value": 1.0,
  "complexity": 2.0149384868007405
}