{
  "organoid_id": "day4_A04_14",
  "surface_area": 153.49764987015993,
  "volume": 174.31967163085938,
  "t_value": 1.0,
  "complexity": 0.977421042051352
}