{
  "organoid_id": "day4p5-more_C01_35",
  "surface_area": 122.34028569417075,
  "volume": 124.50335693359375,
  "t_value": 1.0,
  "complexity": 0.9794758293803902
}