{
  "organoid_id": "day4p5-more_C06_127",
  "surface_area": 230.4463690006495,
  "volume": 299.8031005859375,
  "t_value": 1.0,
  "complexity": 3.473497561867214
}