{
  "organoid_id": "day4_B01_2",
  "surface_area": 171.25961079141396,
  "volume": 203.15499877929688,
  "t_value": 1.0,
  "complexity": 0.9879136188420388
}