{
  "organoid_id": "day4_A03_5",
  "surface_area": 204.42353526458294,
  "volume": 264.147216796875,
  "t_value": 1.0,
  "complexity": 0.9894803004108088
}