{
  "organoid_id": "day4_A06_46",
  "surface_area": 342.2313952667595,
  "volume": 495.15631103515625,
  "t_value": 1.0,
  "complexity": NaN
}