{
  "organoid_id": "day4_A05_37",
  "surface_area": 83.30095269648936,
  "volume": 70.38526916503906,
  "t_value": 1.0,
  "complexity": 0.9692899837218164
}