{
  "organoid_id": "day4_A05_53",
  "surface_area": 256.5538211178695,
  "volume": 246.90452575683594,
  "t_value": 1.0,
  "complexity": NaN
}