{
  "organoid_id": "day4p5-more_C04_22",
  "surface_area": 411.47269097621154,
  "volume": 459.7564392089844,
  "t_value": 1.0,
  "complexity": NaN
}