{
  "organoid_id": "day4_B01_7",
  "surface_area": 165.2841871737003,
  "volume": 155.57542419433594,
  "t_value": 1.0,
  "complexity": 3.113529871970713
}