{
  "organoid_id": "day4p5-more_C02_68",
  "surface_area": 187.172553605824,
  "volume": 219.51947021484375,
  "t_value": 1.0,
  "complexity": 2.893453744522307
}