{
  "organoid_id": "day4_B01_15",
  "surface_area": 132.8215523884124,
  "volume": 141.58480834960938,
  "t_value": 1.0,
  "complexity": 0.9692797974404264
}