{
  "organoid_id": "day4p5-more_C04_15",
  "surface_area": 180.89116609763101,
  "volume": 226.60784912109375,
  "t_value": 1.0,
  "complexity": 0.9682354062267488
}