{
  "organoid_id": "day4p5-more_C05_151",
  "surface_area": 159.86358421199782,
  "volume": 185.03750610351562,
  "t_value": 1.0,
  "complexity": 0.9834955171707088
}