{
  "organoid_id": "day4p5-more_C03_152",
  "surface_area": 567.7829154004542,
  "volume": 887.111083984375,
  "t_value": 1.0,
  "complexity": NaN
}