{
  "organoid_id": "day4_A06_51",
  "surface_area": 86.27592050011553,
  "volume": 74.60383605957031,
  "t_value": 1.0,
  "complexity": 0.96862685138708
}