{
  "organoid_id": "day4_A05_34",
  "surface_area": 92.42206222386797,
  "volume": 81.60736846923828,
  "t_value": 1.0,
  "complexity": 0.976105511538811
}