{
  "organoid_id": "day4_B01_9",
  "surface_area": 177.02943219233183,
  "volume": 214.8616485595703,
  "t_value": 1.0,
  "complexity": 0.9810263936718224
}