{
  "organoid_id": "day4p5-more_C02_41",
  "surface_area": 326.6859383583063,
  "volume": 345.6802673339844,
  "t_value": 1.0,
  "complexity": 2.962885552852111
}