{
  "organoid_id": "day4p5-more_C03_96",
  "surface_area": 392.8229221718509,
  "volume": 393.88714599609375,
  "t_value": 1.0,
  "complexity": NaN
}