{
  "organoid_id": "day4_A03_13",
  "surface_area": 241.43744143276228,
  "volume": 256.1311340332031,
  "t_value": 1.0,
  "complexity": 3.555032061358231
}