{
  "organoid_id": "day4p5-more_C02_57",
  "surface_area": 137.7397810808139,
  "volume": 145.50335693359375,
  "t_value": 1.0,
  "complexity": 2.049275173068029
}