{
  "organoid_id": "day4p5-more_C04_74",
  "surface_area": 266.6577531909927,
  "volume": 219.8441925048828,
  "t_value": 1.0,
  "complexity": NaN
}