{
  "organoid_id": "day4_A06_52",
  "surface_area": 187.61262083496047,
  "volume": 219.40719604492188,
  "t_value": 1.0,
  "complexity": 2.5998703997732786
}