{
  "organoid_id": "day4_B02_68",
  "surface_area": 230.2676552001974,
  "volume": 262.1061096191406,
  "t_value": 1.0,
  "complexity": 2.9513431845499687
}