{
  "organoid_id": "day4_A04_76",
  "surface_area": 225.5116581975242,
  "volume": 301.2524108886719,
  "t_value": 1.0,
  "complexity": 1.0110608540183474
}