{
  "organoid_id": "day4_B02_71",
  "surface_area": 216.4754118588713,
  "volume": 289.4229736328125,
  "t_value": 1.0,
  "complexity": 0.990351815058596
}