{
  "organoid_id": "day4p5_B06_125",
  "surface_area": 66.73839238706981,
  "volume": 50.70726013183594,
  "t_value": 1.0,
  "complexity": 0.9693512233229123
}