{
  "organoid_id": "day4_B01_69",
  "surface_area": 244.30855834251426,
  "volume": 286.985595703125,
  "t_value": 1.0,
  "complexity": 2.748404120675925
}