{
  "organoid_id": "day4_A05_70",
  "surface_area": 237.2011064420923,
  "volume": 310.87359619140625,
  "t_value": 1.0,
  "complexity": 2.567951673098428
}