{
  "organoid_id": "day4p5-more_C05_54",
  "surface_area": 160.96127115767572,
  "volume": 183.5931396484375,
  "t_value": 1.0,
  "complexity": 0.995803945321
}