{
  "organoid_id": "day4p5-more_C02_52",
  "surface_area": 262.4969300081461,
  "volume": 365.9486083984375,
  "t_value": 1.0,
  "complexity": 2.518188462414704
}