{
  "organoid_id": "day4p5-more_C03_91",
  "surface_area": 126.29537883570613,
  "volume": 132.07754516601562,
  "t_value": 1.0,
  "complexity": 0.9693143617701604
}