{
  "organoid_id": "day4p5-more_C02_55",
  "surface_area": 219.79904177693535,
  "volume": 296.7386474609375,
  "t_value": 1.0,
  "complexity": 0.986243608310528
}