{
  "organoid_id": "day4p5-more_C03_110",
  "surface_area": 303.96711832896847,
  "volume": 207.68833923339844,
  "t_value": 1.0,
  "complexity": NaN
}