{
  "organoid_id": "day4p5_A06_46",
  "surface_area": 348.34450269266586,
  "volume": 511.4748840332031,
  "t_value": 1.0,
  "complexity": 2.8611776223300547
}