{
  "organoid_id": "day4_B02_79",
  "surface_area": 172.3029062380668,
  "volume": 180.82638549804688,
  "t_value": 1.0,
  "complexity": 3.3246944028875225
}