{
  "organoid_id": "day4_A02_38",
  "surface_area": 169.1866565931883,
  "volume": 200.98300170898438,
  "t_value": 1.0,
  "complexity": 0.9823212443257404
}