{
  "organoid_id": "day4_B02_76",
  "surface_area": 501.15073214713397,
  "volume": 623.426025390625,
  "t_value": 1.0,
  "complexity": 4.0
}