{
  "organoid_id": "day4_A05_55",
  "surface_area": 227.40444844660684,
  "volume": 284.53924560546875,
  "t_value": 1.0,
  "complexity": 3.486957418291568
}