{
  "organoid_id": "day4_A05_31",
  "surface_area": 259.2402403008223,
  "volume": 344.29718017578125,
  "t_value": 1.0,
  "complexity": 2.803642866607248
}