{
  "organoid_id": "day4_A02_16",
  "surface_area": 245.13427239063964,
  "volume": 312.1933898925781,
  "t_value": 1.0,
  "complexity": 2.8614576219357777
}