{
  "organoid_id": "day4p5-more_C03_55",
  "surface_area": 349.5697838645997,
  "volume": 442.1576232910156,
  "t_value": 1.0,
  "complexity": 2.9149667007330886
}