{
  "organoid_id": "day4p5-more_C05_32",
  "surface_area": 132.28455197393876,
  "volume": 141.71334838867188,
  "t_value": 1.0,
  "complexity": 0.9671213739434704
}