{
  "organoid_id": "day4p5-more_C03_58",
  "surface_area": 219.53906835536745,
  "volume": 296.9656982421875,
  "t_value": 1.0,
  "complexity": 0.9860988347756204
}