{
  "organoid_id": "day4p5-more_C05_31",
  "surface_area": 197.73748640710303,
  "volume": 250.6436309814453,
  "t_value": 1.0,
  "complexity": 0.9952871874253242
}