{
  "organoid_id": "day4p5-more_C03_137",
  "surface_area": 248.72620641172645,
  "volume": 200.36122131347656,
  "t_value": 1.0,
  "complexity": 3.7292992465781154
}