{
  "organoid_id": "day4_B01_79",
  "surface_area": 148.26605039442316,
  "volume": 165.53128051757812,
  "t_value": 1.0,
  "complexity": 0.9790617095275416
}