{
  "organoid_id": "day4p5-more_C05_109",
  "surface_area": 265.2125222525013,
  "volume": 378.6024169921875,
  "t_value": 1.0,
  "complexity": NaN
}