{
  "organoid_id": "day4_A06_41",
  "surface_area": 197.61770536999123,
  "volume": 249.62452697753906,
  "t_value": 1.0,
  "complexity": 0.9907293301183954
}