{
  "organoid_id": "day4p5_B06_72",
  "surface_area": 256.7319926893514,
  "volume": 356.5225830078125,
  "t_value": 1.0,
  "complexity": 2.485754899083016
}