{
  "organoid_id": "day4_A05_36",
  "surface_area": 197.29408648039222,
  "volume": 238.0528564453125,
  "t_value": 1.0,
  "complexity": 2.5671931045419574
}