{
  "organoid_id": "day4p5-more_C03_51",
  "surface_area": 177.69101644132883,
  "volume": 219.2510986328125,
  "t_value": 1.0,
  "complexity": 0.972563345505854
}