{
  "organoid_id": "day4p5-more_C05_103",
  "surface_area": 214.50680542815073,
  "volume": 285.0172119140625,
  "t_value": 1.0,
  "complexity": 0.9891107502554566
}