{
  "organoid_id": "day4_A02_8",
  "surface_area": 247.78710819689712,
  "volume": 341.9494934082031,
  "t_value": 1.0,
  "complexity": 2.3152601356996976
}