{
  "organoid_id": "day4p5-more_C01_121",
  "surface_area": 167.64733787721607,
  "volume": 146.77316284179688,
  "t_value": 1.0,
  "complexity": 1.92826793997264
}