{
  "organoid_id": "day4p5-more_C02_100",
  "surface_area": 248.65418333178232,
  "volume": 346.2493591308594,
  "t_value": 1.0,
  "complexity": 2.2954676703928114
}