{
  "organoid_id": "day4p5-more_C04_79",
  "surface_area": 217.74087249793433,
  "volume": 295.67529296875,
  "t_value": 1.0,
  "complexity": 0.9791432594834126
}