{
  "organoid_id": "day4_A05_3",
  "surface_area": 202.2147711491411,
  "volume": 264.7610168457031,
  "t_value": 1.0,
  "complexity": 0.9764284611731344
}