{
  "organoid_id": "day4p5-more_C03_99",
  "surface_area": 185.61731719416474,
  "volume": 205.75662231445312,
  "t_value": 1.0,
  "complexity": 3.414391339427929
}