{
  "organoid_id": "day4p5_B06_98",
  "surface_area": 247.49636042582608,
  "volume": 291.4547119140625,
  "t_value": 1.0,
  "complexity": 2.436873599621995
}