{
  "organoid_id": "day4p5_B06_63",
  "surface_area": 786.8161649307905,
  "volume": 936.1918334960938,
  "t_value": 1.0,
  "complexity": NaN
}