{
  "organoid_id": "day4p5-more_C03_38",
  "surface_area": 237.18605548966164,
  "volume": 323.2823181152344,
  "t_value": 1.0,
  "complexity": 2.285152593990819
}