{
  "organoid_id": "day4p5-more_C03_23",
  "surface_area": 306.03476056167824,
  "volume": 387.51605224609375,
  "t_value": 1.0,
  "complexity": 2.835132824498974
}