{
  "organoid_id": "day4p5-more_C06_28",
  "surface_area": 238.97250765316406,
  "volume": 328.25555419921875,
  "t_value": 1.0,
  "complexity": 1.4432640879193095
}