{
  "organoid_id": "day4_A06_88",
  "surface_area": 195.26416403467488,
  "volume": 245.87139892578125,
  "t_value": 1.0,
  "complexity": 0.9978600491938788
}