{
  "organoid_id": "day4p5_B06_5",
  "surface_area": 320.253496538419,
  "volume": 425.20904541015625,
  "t_value": 1.0,
  "complexity": 3.184457257337086
}