{
  "organoid_id": "day4p5_B06_66",
  "surface_area": 170.39387918187848,
  "volume": 167.8935546875,
  "t_value": 1.0,
  "complexity": 3.125249738833841
}