{
  "organoid_id": "day4p5-more_C06_173",
  "surface_area": 113.96500546737411,
  "volume": 112.50650024414062,
  "t_value": 1.0,
  "complexity": 0.9740210696682048
}