{
  "organoid_id": "day4p5-more_C04_80",
  "surface_area": 393.86853310400613,
  "volume": 380.90716552734375,
  "t_value": 1.0,
  "complexity": NaN
}