{
  "organoid_id": "day4p5-more_C06_145",
  "surface_area": 196.63213696215786,
  "volume": 242.82501220703125,
  "t_value": 1.0,
  "complexity": 2.296504910496202
}