{
  "organoid_id": "day4_A06_97",
  "surface_area": 224.1021763582359,
  "volume": 291.76788330078125,
  "t_value": 1.0,
  "complexity": 2.308882866926138
}