{
  "organoid_id": "day4p5_B06_26",
  "surface_area": 246.90301096716,
  "volume": 335.7641906738281,
  "t_value": 1.0,
  "complexity": 2.47076664662152
}