{
  "organoid_id": "day4p5-more_C04_53",
  "surface_area": 272.8205061899114,
  "volume": 348.27947998046875,
  "t_value": 1.0,
  "complexity": NaN
}