{
  "organoid_id": "day4p5-more_C06_184",
  "surface_area": 256.1463714160342,
  "volume": 361.81951904296875,
  "t_value": 1.0,
  "complexity": 2.313243191062312
}