{
  "organoid_id": "day4p5-more_C01_23",
  "surface_area": 273.10677243281566,
  "volume": 393.2516784667969,
  "t_value": 1.0,
  "complexity": 2.4277089512409757
}