{
  "organoid_id": "day4_B02_44",
  "surface_area": 186.5370904535119,
  "volume": 224.9798583984375,
  "t_value": 1.0,
  "complexity": 2.2629073002518645
}