{
  "organoid_id": "day4p5-more_C01_115",
  "surface_area": 137.43115064120389,
  "volume": 149.17919921875,
  "t_value": 1.0,
  "complexity": 0.9751005194890529
}