{
  "organoid_id": "day4_A02_45",
  "surface_area": 213.24700690893806,
  "volume": 280.7530822753906,
  "t_value": 1.0,
  "complexity": 0.9994139496458314
}