{
  "organoid_id": "day4_A02_31",
  "surface_area": 306.88255831145017,
  "volume": 340.7491149902344,
  "t_value": 1.0,
  "complexity": 3.7686664282359863
}