{
  "organoid_id": "day4_A06_3",
  "surface_area": 211.707561624523,
  "volume": 255.9896240234375,
  "t_value": 1.0,
  "complexity": 2.956461536295941
}