{
  "organoid_id": "day4_A06_12",
  "surface_area": 295.8346229121246,
  "volume": 416.05828857421875,
  "t_value": 1.0,
  "complexity": 3.2851567512602364
}