{
  "organoid_id": "day4p5-more_C03_106",
  "surface_area": 391.12114645086854,
  "volume": 500.1895751953125,
  "t_value": 1.0,
  "complexity": 3.6016889808283734
}