{
  "organoid_id": "day4p5-more_C05_47",
  "surface_area": 119.02347966189582,
  "volume": 119.09584045410156,
  "t_value": 1.0,
  "complexity": 0.9807563596015416
}