{
  "organoid_id": "day4p5-more_C01_131",
  "surface_area": 235.36321553698335,
  "volume": 273.8043518066406,
  "t_value": 1.0,
  "complexity": 3.2353668632043804
}