{
  "organoid_id": "day4_B01_76",
  "surface_area": 412.7528093812429,
  "volume": 614.296875,
  "t_value": 1.0,
  "complexity": 3.4799537537548857
}