{
  "organoid_id": "day4_B01_99",
  "surface_area": 197.96770497769575,
  "volume": 250.95242309570312,
  "t_value": 1.0,
  "complexity": 0.9936244298739584
}