{
  "organoid_id": "day4p5-more_C02_42",
  "surface_area": 280.28900204791995,
  "volume": 423.1852722167969,
  "t_value": 1.0,
  "complexity": 0.995152888175325
}