{
  "organoid_id": "day4p5-more_C05_102",
  "surface_area": 252.2030058897706,
  "volume": 334.8378601074219,
  "t_value": 1.0,
  "complexity": 2.6730333927731
}