{
  "organoid_id": "day4_A06_27",
  "surface_area": 174.38999596587539,
  "volume": 204.87628173828125,
  "t_value": 1.0,
  "complexity": 2.214735370792168
}