{
  "organoid_id": "day4_B02_81",
  "surface_area": 457.411706967974,
  "volume": 752.8753662109375,
  "t_value": 1.0,
  "complexity": NaN
}