{
  "organoid_id": "day4_A06_84",
  "surface_area": 210.42914194972408,
  "volume": 270.2079162597656,
  "t_value": 1.0,
  "complexity": 2.456976805839601
}