{
  "organoid_id": "day4p5-more_C03_125",
  "surface_area": 228.4370039692016,
  "volume": 307.1634826660156,
  "t_value": 1.0,
  "complexity": 1.89173500158004
}