{
  "organoid_id": "day4p5-more_C05_87",
  "surface_area": 111.11527507399208,
  "volume": 108.77102661132812,
  "t_value": 1.0,
  "complexity": 0.9713251076489424
}