{
  "organoid_id": "day4p5_B06_9",
  "surface_area": 236.19294417494154,
  "volume": 321.1663818359375,
  "t_value": 1.0,
  "complexity": 2.295734033305014
}