{
  "organoid_id": "day4_A06_83",
  "surface_area": 185.8754215704417,
  "volume": 228.73715209960938,
  "t_value": 1.0,
  "complexity": 0.9968278112749136
}