{
  "organoid_id": "day4_A04_4",
  "surface_area": 244.39325732852345,
  "volume": 332.7845764160156,
  "t_value": 1.0,
  "complexity": 2.3832839805382275
}