{
  "organoid_id": "day4p5-more_C01_111",
  "surface_area": 103.0639768049154,
  "volume": 96.98135375976562,
  "t_value": 1.0,
  "complexity": 0.9706585265966304
}