{
  "organoid_id": "day4p5-more_C04_95",
  "surface_area": 160.8980232561527,
  "volume": 174.93099975585938,
  "t_value": 1.0,
  "complexity": 2.527926150502441
}