{
  "organoid_id": "day4_A04_3",
  "surface_area": 241.71752611352275,
  "volume": 326.2405700683594,
  "t_value": 1.0,
  "complexity": 2.484502756280168
}