{
  "organoid_id": "day4p5-more_C06_134",
  "surface_area": 168.4770837253482,
  "volume": 198.37628173828125,
  "t_value": 1.0,
  "complexity": 0.989544575250391
}