{
  "organoid_id": "day4p5-more_C06_84",
  "surface_area": 226.98087657794002,
  "volume": 314.28082275390625,
  "t_value": 1.0,
  "complexity": 0.9785091147476614
}