{
  "organoid_id": "day4p5-more_C06_110",
  "surface_area": 85.29193167951343,
  "volume": 68.4625473022461,
  "t_value": 1.0,
  "complexity": 2.543123831498689
}