{
  "organoid_id": "day4p5-more_C06_73",
  "surface_area": 168.6512872172173,
  "volume": 202.38519287109375,
  "t_value": 1.0,
  "complexity": 0.9733112208044776
}