{
  "organoid_id": "day4p5-more_C03_57",
  "surface_area": 176.7706171498041,
  "volume": 214.32620239257812,
  "t_value": 1.0,
  "complexity": 0.9882850976453532
}