{
  "organoid_id": "day4_B01_75",
  "surface_area": 244.84984496984936,
  "volume": 298.9933776855469,
  "t_value": 1.0,
  "complexity": 2.7165454259441555
}