{
  "organoid_id": "day4p5-more_C03_97",
  "surface_area": 169.244537730373,
  "volume": 112.06068420410156,
  "t_value": 1.0,
  "complexity": NaN
}