{
  "organoid_id": "day4p5_B06_69",
  "surface_area": 313.8422279690302,
  "volume": 498.89385986328125,
  "t_value": 1.0,
  "complexity": 0.995489206715315
}