{
  "organoid_id": "day4p5_B06_19",
  "surface_area": 284.8776784914381,
  "volume": 423.5727844238281,
  "t_value": 1.0,
  "complexity": 2.211687763161835
}