{
  "organoid_id": "day4_A05_52",
  "surface_area": 88.41142957440022,
  "volume": 76.544677734375,
  "t_value": 1.0,
  "complexity": 0.9771818446351485
}