{
  "organoid_id": "day4_B01_38",
  "surface_area": 189.2442775367772,
  "volume": 213.72377014160156,
  "t_value": 1.0,
  "complexity": 3.495900748464135
}