{
  "organoid_id": "day4_B02_38",
  "surface_area": 184.12530470301985,
  "volume": 215.10899353027344,
  "t_value": 1.0,
  "complexity": 2.55987721730774
}