{
  "organoid_id": "day4p5_B06_40",
  "surface_area": 272.24957368137734,
  "volume": 412.2234802246094,
  "t_value": 1.0,
  "complexity": 0.9826135520418788
}