{
  "organoid_id": "day4_B01_42",
  "surface_area": 242.01185058635176,
  "volume": 326.4742431640625,
  "t_value": 1.0,
  "complexity": 2.8254398107829086
}