{
  "organoid_id": "day4p5-more_C04_65",
  "surface_area": 195.88507380999474,
  "volume": 232.81765747070312,
  "t_value": 1.0,
  "complexity": 2.640143533125611
}