{
  "organoid_id": "day4p5-more_C05_41",
  "surface_area": 199.03990111288908,
  "volume": 219.6539306640625,
  "t_value": 1.0,
  "complexity": 3.010279105667418
}