{
  "organoid_id": "day4p5-more_C02_25",
  "surface_area": 280.1622006941659,
  "volume": 400.1736755371094,
  "t_value": 1.0,
  "complexity": 2.6995303445679766
}