{
  "organoid_id": "day4p5-more_C03_141",
  "surface_area": 223.37410301143206,
  "volume": 307.62359619140625,
  "t_value": 1.0,
  "complexity": 0.9780873590652764
}