{
  "organoid_id": "day4_A05_42",
  "surface_area": 153.44895816617796,
  "volume": 172.14266967773438,
  "t_value": 1.0,
  "complexity": 0.9995931997984312
}