{
  "organoid_id": "day4p5-more_C06_149",
  "surface_area": 374.4537316858337,
  "volume": 476.28558349609375,
  "t_value": 1.0,
  "complexity": 3.7492612639677536
}