{
  "organoid_id": "day4p5-more_C05_101",
  "surface_area": 121.37799901065645,
  "volume": 123.82376098632812,
  "t_value": 1.0,
  "complexity": 0.972177437696534
}