{
  "organoid_id": "day4_A05_84",
  "surface_area": 199.97433972649446,
  "volume": 229.04672241210938,
  "t_value": 1.0,
  "complexity": 2.8504599246567124
}