{
  "organoid_id": "day4p5_B06_22",
  "surface_area": 107.65949223683697,
  "volume": 98.51608276367188,
  "t_value": 1.0,
  "complexity": 2.379958760852865
}