{
  "organoid_id": "day4p5-more_C05_107",
  "surface_area": 196.91053690058936,
  "volume": 215.31570434570312,
  "t_value": 1.0,
  "complexity": 2.974053692437513
}