{
  "organoid_id": "day4p5-more_C06_102",
  "surface_area": 237.102679032381,
  "volume": 328.5115051269531,
  "t_value": 1.0,
  "complexity": 2.0881208672860394
}