{
  "organoid_id": "day4p5-more_C04_13",
  "surface_area": 98.0338132274236,
  "volume": 90.34819030761719,
  "t_value": 1.0,
  "complexity": 0.9660126266719854
}