{
  "organoid_id": "day4_A03_1",
  "surface_area": 311.85464854977863,
  "volume": 494.5884094238281,
  "t_value": 1.0,
  "complexity": 0.9865929202674208
}