{
  "organoid_id": "day4p5-more_C05_92",
  "surface_area": 270.3011915759354,
  "volume": 334.5291748046875,
  "t_value": 1.0,
  "complexity": 2.6845880555264303
}