{
  "organoid_id": "day4_B01_39",
  "surface_area": 160.7816608823915,
  "volume": 188.6267852783203,
  "t_value": 1.0,
  "complexity": 0.9700228765822366
}