{
  "organoid_id": "day4p5-more_C01_24",
  "surface_area": 160.1181919019107,
  "volume": 187.12838745117188,
  "t_value": 1.0,
  "complexity": 0.9767194638853838
}