{
  "organoid_id": "day4_B02_4",
  "surface_area": 230.13700822398704,
  "volume": 279.0826110839844,
  "t_value": 1.0,
  "complexity": 3.318056629955512
}