{
  "organoid_id": "day4p5-more_C01_53",
  "surface_area": 325.2444562349307,
  "volume": 387.17694091796875,
  "t_value": 1.0,
  "complexity": NaN
}