{
  "organoid_id": "day4p5-more_C04_88",
  "surface_area": 255.95389857642604,
  "volume": 304.37744140625,
  "t_value": 1.0,
  "complexity": 3.308718752558226
}