{
  "organoid_id": "day4_A05_18",
  "surface_area": 231.51222782062533,
  "volume": 301.4360656738281,
  "t_value": 1.0,
  "complexity": 2.780238589064896
}