{
  "organoid_id": "day4p5-more_C04_63",
  "surface_area": 399.8522246876416,
  "volume": 441.3315734863281,
  "t_value": 1.0,
  "complexity": NaN
}