{
  "organoid_id": "day4p5-more_C05_65",
  "surface_area": 189.6435904969603,
  "volume": 154.1975860595703,
  "t_value": 1.0,
  "complexity": NaN
}