{
  "organoid_id": "day4p5-more_C02_128",
  "surface_area": 250.42703290175407,
  "volume": 330.16204833984375,
  "t_value": 1.0,
  "complexity": 4.0
}