{
  "organoid_id": "day4_A02_60",
  "surface_area": 232.06149820812303,
  "volume": 305.93939208984375,
  "t_value": 1.0,
  "complexity": 3.413903604468284
}