{
  "organoid_id": "day4p5-more_C03_66",
  "surface_area": 382.54803152911046,
  "volume": 475.62335205078125,
  "t_value": 1.0,
  "complexity": 3.540471152119581
}