{
  "organoid_id": "day4p5-more_C05_90",
  "surface_area": 259.5203622954373,
  "volume": 372.31060791015625,
  "t_value": 1.0,
  "complexity": 2.2376370678945974
}