{
  "organoid_id": "day4p5-more_C01_42",
  "surface_area": 271.2536212707467,
  "volume": 405.15869140625,
  "t_value": 1.0,
  "complexity": 0.9870297718948888
}