{
  "organoid_id": "day4_A06_35",
  "surface_area": 160.38994886149516,
  "volume": 181.8677215576172,
  "t_value": 1.0,
  "complexity": 2.157548547172857
}