{
  "organoid_id": "day4p5-more_C01_100",
  "surface_area": 86.33935610487089,
  "volume": 73.13534545898438,
  "t_value": 1.0,
  "complexity": 0.9934882864805766
}