{
  "organoid_id": "day4p5-more_C05_16",
  "surface_area": 199.3135965533682,
  "volume": 252.82350158691406,
  "t_value": 1.0,
  "complexity": 0.9967994709387706
}