{
  "organoid_id": "day4p5-more_C05_49",
  "surface_area": 96.76317045667469,
  "volume": 88.58917999267578,
  "t_value": 1.0,
  "complexity": 0.9666097183050674
}