{
  "organoid_id": "day4_A06_56",
  "surface_area": 247.57540754369455,
  "volume": 348.3624267578125,
  "t_value": 1.0,
  "complexity": 2.046212863667452
}