{
  "organoid_id": "day4p5-more_C04_4",
  "surface_area": 234.4760264120293,
  "volume": 321.64892578125,
  "t_value": 1.0,
  "complexity": 0.9942610769014324
}