{
  "organoid_id": "day4_A06_98",
  "surface_area": 236.9871827463313,
  "volume": 294.8558044433594,
  "t_value": 1.0,
  "complexity": 2.757933148074233
}