{
  "organoid_id": "day4p5-more_C02_47",
  "surface_area": 183.20188075565898,
  "volume": 223.64231872558594,
  "t_value": 1.0,
  "complexity": 0.9951321042075236
}