{
  "organoid_id": "day4p5-more_C04_130",
  "surface_area": 332.695816405617,
  "volume": 541.2394409179688,
  "t_value": 1.0,
  "complexity": 1.5614167080213956
}