{
  "organoid_id": "day4p5-more_C04_21",
  "surface_area": 310.69762119010807,
  "volume": 422.1705627441406,
  "t_value": 1.0,
  "complexity": 2.8635875020431083
}