{
  "organoid_id": "day4p5-more_C03_117",
  "surface_area": 121.76012589767078,
  "volume": 124.36622619628906,
  "t_value": 1.0,
  "complexity": 0.97381883922343
}