{
  "organoid_id": "day4_A05_75",
  "surface_area": 195.64894542059895,
  "volume": 236.9898223876953,
  "t_value": 1.0,
  "complexity": 2.464407068101701
}