{
  "organoid_id": "day4p5-more_C05_17",
  "surface_area": 449.7525538593454,
  "volume": 601.0159912109375,
  "t_value": 1.0,
  "complexity": 3.9946552182328223
}