{
  "organoid_id": "day4p5-more_C05_137",
  "surface_area": 218.01561298153524,
  "volume": 246.62318420410156,
  "t_value": 1.0,
  "complexity": 3.598071785547837
}