{
  "organoid_id": "day4p5-more_C03_158",
  "surface_area": 67.87157666796405,
  "volume": 52.15573501586914,
  "t_value": 1.0,
  "complexity": 0.963635864876539
}