{
  "organoid_id": "day4p5-more_C03_150",
  "surface_area": 370.50941339342535,
  "volume": 380.7035827636719,
  "t_value": 1.0,
  "complexity": NaN
}