{
  "organoid_id": "day4p5-more_C03_148",
  "surface_area": 152.70600054781636,
  "volume": 168.66207885742188,
  "t_value": 1.0,
  "complexity": 1.6764868220506086
}