{
  "organoid_id": "day4p5-more_C05_67",
  "surface_area": 177.989832545478,
  "volume": 91.56419372558594,
  "t_value": 1.0,
  "complexity": NaN
}