{
  "organoid_id": "day4p5-more_C01_119",
  "surface_area": 227.56953468762902,
  "volume": 241.84576416015625,
  "t_value": 1.0,
  "complexity": 2.970568013771043
}