{
  "organoid_id": "day4_A06_96",
  "surface_area": 84.79628054700166,
  "volume": 70.8738021850586,
  "t_value": 1.0,
  "complexity": 0.9938936320400212
}