{
  "organoid_id": "day4_B02_85",
  "surface_area": 120.54677970083101,
  "volume": 122.97718811035156,
  "t_value": 1.0,
  "complexity": 0.9672282775732118
}