{
  "organoid_id": "day4_A02_40",
  "surface_area": 300.6530722024702,
  "volume": 474.2107238769531,
  "t_value": 1.0,
  "complexity": 0.9875917822076634
}