{
  "organoid_id": "day4p5-more_C02_78",
  "surface_area": 300.997859635459,
  "volume": 285.48876953125,
  "t_value": 1.0,
  "complexity": NaN
}