{
  "organoid_id": "day4p5-more_C01_64",
  "surface_area": 189.23978744773362,
  "volume": 235.02362060546875,
  "t_value": 1.0,
  "complexity": 0.9923811457296028
}