{
  "organoid_id": "day4p5-more_C02_120",
  "surface_area": 191.18208108490637,
  "volume": 234.9080047607422,
  "t_value": 1.0,
  "complexity": 0.9993947214475242
}