{
  "organoid_id": "day4_A06_50",
  "surface_area": 81.82624033150498,
  "volume": 68.22999572753906,
  "t_value": 1.0,
  "complexity": 0.9750244857045736
}