{
  "organoid_id": "day4p5-more_C04_59",
  "surface_area": 170.1663232218517,
  "volume": 198.56436157226562,
  "t_value": 1.0,
  "complexity": 2.088848511900022
}