{
  "organoid_id": "day4p5-more_C04_31",
  "surface_area": 363.4483520456741,
  "volume": 476.8059997558594,
  "t_value": 1.0,
  "complexity": 2.9192699509699147
}