{
  "organoid_id": "day4_A02_37",
  "surface_area": 207.95827900928631,
  "volume": 264.56591796875,
  "t_value": 1.0,
  "complexity": 2.3312123100541933
}