{
  "organoid_id": "day4p5-more_C05_52",
  "surface_area": 129.57398017270583,
  "volume": 137.03550720214844,
  "t_value": 1.0,
  "complexity": 0.9686510758240288
}