{
  "organoid_id": "day4p5-more_C04_83",
  "surface_area": 158.61243519175213,
  "volume": 184.54635620117188,
  "t_value": 1.0,
  "complexity": 0.972924245300221
}