{
  "organoid_id": "day4p5-more_C02_131",
  "surface_area": 311.3211069910318,
  "volume": 408.5859069824219,
  "t_value": 1.0,
  "complexity": 3.2553660261082955
}