{
  "organoid_id": "day4_B02_5",
  "surface_area": 296.53553532629553,
  "volume": 415.8670654296875,
  "t_value": 1.0,
  "complexity": 2.767619013847704
}