{
  "organoid_id": "day4p5-more_C03_149",
  "surface_area": 237.95376465074517,
  "volume": 234.50509643554688,
  "t_value": 1.0,
  "complexity": NaN
}