{
  "organoid_id": "day4p5_B06_25",
  "surface_area": 178.28780843673263,
  "volume": 220.268310546875,
  "t_value": 1.0,
  "complexity": 0.9719226997316232
}