{
  "organoid_id": "day4_B02_88",
  "surface_area": 239.50116517717314,
  "volume": 302.1549072265625,
  "t_value": 1.0,
  "complexity": 2.778212085734268
}