{
  "organoid_id": "day4p5-more_C03_89",
  "surface_area": 293.17395225342193,
  "volume": 368.3140869140625,
  "t_value": 1.0,
  "complexity": 2.92236657891328
}