{
  "organoid_id": "day4p5-more_C04_101",
  "surface_area": 210.68487279930156,
  "volume": 248.2225341796875,
  "t_value": 1.0,
  "complexity": 2.861071012041261
}