{
  "organoid_id": "day4p5-more_C01_113",
  "surface_area": 283.5746335942698,
  "volume": 394.0702209472656,
  "t_value": 1.0,
  "complexity": 2.678652738469852
}