{
  "organoid_id": "day4_B02_93",
  "surface_area": 221.73572654171863,
  "volume": 290.17120361328125,
  "t_value": 1.0,
  "complexity": 2.3894275881041964
}