{
  "organoid_id": "day4_B01_65",
  "surface_area": 303.5204051821112,
  "volume": 467.94793701171875,
  "t_value": 1.0,
  "complexity": 2.3317805797848044
}