{
  "organoid_id": "day4_A04_53",
  "surface_area": 165.55873371216703,
  "volume": 179.7732391357422,
  "t_value": 1.0,
  "complexity": 2.893240233710708
}