{
  "organoid_id": "day4p5-more_C01_26",
  "surface_area": 348.7398818119575,
  "volume": 567.7040405273438,
  "t_value": 1.0,
  "complexity": 2.341803647031877
}