{
  "organoid_id": "day4p5-more_C03_56",
  "surface_area": 186.0444003228232,
  "volume": 204.26071166992188,
  "t_value": 1.0,
  "complexity": 3.255868780604512
}