{
  "organoid_id": "day4_A02_22",
  "surface_area": 175.5804330519577,
  "volume": 215.25555419921875,
  "t_value": 1.0,
  "complexity": 0.972910070119861
}