{
  "organoid_id": "day4p5-more_C03_130",
  "surface_area": 348.3863683953801,
  "volume": 580.4910888671875,
  "t_value": 1.0,
  "complexity": 0.998138795932498
}