{
  "organoid_id": "day4p5-more_C03_101",
  "surface_area": 51.85857797457463,
  "volume": 34.47623825073242,
  "t_value": 1.0,
  "complexity": 0.977210091980328
}