{
  "organoid_id": "day4p5-more_C03_172",
  "surface_area": 260.8494410208368,
  "volume": 329.798583984375,
  "t_value": 1.0,
  "complexity": 3.6350851026727153
}