{
  "organoid_id": "day4p5-more_C06_153",
  "surface_area": 169.0246005581743,
  "volume": 188.76950073242188,
  "t_value": 1.0,
  "complexity": 2.6190896765952205
}