{
  "organoid_id": "day4p5-more_C06_156",
  "surface_area": 396.53947287045605,
  "volume": 393.6656188964844,
  "t_value": 1.0,
  "complexity": NaN
}