{
  "organoid_id": "day4_B01_43",
  "surface_area": 339.9031944507657,
  "volume": 407.72479248046875,
  "t_value": 1.0,
  "complexity": 3.2468931747958294
}