{
  "organoid_id": "day4p5-more_C05_56",
  "surface_area": 236.9205289558678,
  "volume": 288.5556945800781,
  "t_value": 1.0,
  "complexity": 3.339591875702532
}