{
  "organoid_id": "day4p5_A06_64",
  "surface_area": 165.49255113769658,
  "volume": 193.58682250976562,
  "t_value": 1.0,
  "complexity": 0.9899430456974224
}