{
  "organoid_id": "day4p5-more_C04_121",
  "surface_area": 78.03737683410165,
  "volume": 63.70833206176758,
  "t_value": 1.0,
  "complexity": 0.9750976501546538
}