{
  "organoid_id": "day4p5-more_C01_65",
  "surface_area": 133.15055996385678,
  "volume": 141.24717712402344,
  "t_value": 1.0,
  "complexity": 0.9763976788151176
}