{
  "organoid_id": "day4_B02_77",
  "surface_area": 77.53204602428184,
  "volume": 61.98155212402344,
  "t_value": 1.0,
  "complexity": 0.9834558232703098
}