{
  "organoid_id": "day4_A06_68",
  "surface_area": 259.3412549300613,
  "volume": 348.72021484375,
  "t_value": 1.0,
  "complexity": 2.756185853769572
}