{
  "organoid_id": "day4p5-more_C02_38",
  "surface_area": 184.28982008330476,
  "volume": 220.96644592285156,
  "t_value": 1.0,
  "complexity": 2.3579958139468555
}