{
  "organoid_id": "day4_B01_70",
  "surface_area": 767.0294752229265,
  "volume": 320.6323547363281,
  "t_value": 1.0,
  "complexity": NaN
}