{
  "organoid_id": "day4p5-more_C03_133",
  "surface_area": 72.41395683498897,
  "volume": 56.853416442871094,
  "t_value": 1.0,
  "complexity": 0.9738791677573386
}