{
  "organoid_id": "day4p5_B06_8",
  "surface_area": 275.80698093978464,
  "volume": 416.6121826171875,
  "t_value": 1.0,
  "complexity": 0.992264142720698
}