{
  "organoid_id": "day4_B02_26",
  "surface_area": 170.8281551960748,
  "volume": 193.5382537841797,
  "t_value": 1.0,
  "complexity": 2.527234409458819
}