{
  "organoid_id": "day4p5-more_C03_37",
  "surface_area": 274.4640832383147,
  "volume": 346.2750549316406,
  "t_value": 1.0,
  "complexity": 3.5799621461546605
}