{
  "organoid_id": "day4p5-more_C05_45",
  "surface_area": 194.06151752483868,
  "volume": 242.31045532226562,
  "t_value": 1.0,
  "complexity": 2.0263981360106285
}