{
  "organoid_id": "day4_A04_74",
  "surface_area": 228.21431926429995,
  "volume": 315.9189147949219,
  "t_value": 1.0,
  "complexity": 0.9809375666372554
}