{
  "organoid_id": "day4p5-more_C06_151",
  "surface_area": 307.69246660121695,
  "volume": 389.1456298828125,
  "t_value": 1.0,
  "complexity": 2.4152237281833275
}