{
  "organoid_id": "day4p5-more_C03_73",
  "surface_area": 467.1796294321452,
  "volume": 818.0557861328125,
  "t_value": 1.0,
  "complexity": 2.9055365223238176
}