{
  "organoid_id": "day4_B01_67",
  "surface_area": 218.3150216894248,
  "volume": 289.94879150390625,
  "t_value": 1.0,
  "complexity": 2.040323854287064
}