{
  "organoid_id": "day4p5-more_C02_30",
  "surface_area": 225.21132719244778,
  "volume": 284.2612609863281,
  "t_value": 1.0,
  "complexity": 2.608171891332819
}