{
  "organoid_id": "day4p5-more_C04_84",
  "surface_area": 364.2962186703947,
  "volume": 496.5169372558594,
  "t_value": 1.0,
  "complexity": 2.8609950292969564
}