{
  "organoid_id": "day4p5-more_C04_35",
  "surface_area": 189.3159759465975,
  "volume": 240.62368774414062,
  "t_value": 1.0,
  "complexity": 0.975775371314892
}