{
  "organoid_id": "day4p5-more_C02_61",
  "surface_area": 317.5376822950605,
  "volume": 409.59613037109375,
  "t_value": 1.0,
  "complexity": NaN
}