{
  "organoid_id": "day4_A04_89",
  "surface_area": 195.73215127209278,
  "volume": 245.4685821533203,
  "t_value": 1.0,
  "complexity": 0.9983238866917292
}