{
  "organoid_id": "day4p5-more_C05_155",
  "surface_area": 431.43116926960647,
  "volume": 600.3961791992188,
  "t_value": 1.0,
  "complexity": 3.958415316606748
}