{
  "organoid_id": "day4_A04_93",
  "surface_area": 244.29477260513144,
  "volume": 351.9742431640625,
  "t_value": 1.0,
  "complexity": 0.9740018242019316
}