{
  "organoid_id": "day4p5-more_C03_79",
  "surface_area": 284.2924122822603,
  "volume": 377.7323303222656,
  "t_value": 1.0,
  "complexity": 2.89488624280614
}