{
  "organoid_id": "day4_B02_10",
  "surface_area": 239.12932724075355,
  "volume": 313.7627258300781,
  "t_value": 1.0,
  "complexity": 2.712496261625652
}