{
  "organoid_id": "day4p5-more_C05_86",
  "surface_area": 93.7794725448861,
  "volume": 84.40145874023438,
  "t_value": 1.0,
  "complexity": 0.969723356118266
}