{
  "organoid_id": "day4p5-more_C02_93",
  "surface_area": 312.3306182268849,
  "volume": 395.94537353515625,
  "t_value": 1.0,
  "complexity": 3.1458989132940687
}