{
  "organoid_id": "day4p5_B06_119",
  "surface_area": 345.4966553875406,
  "volume": 536.2943115234375,
  "t_value": 1.0,
  "complexity": 2.864852843623729
}