{
  "organoid_id": "day4p5-more_C05_104",
  "surface_area": 141.15192037394658,
  "volume": 148.1826934814453,
  "t_value": 1.0,
  "complexity": 2.444864884317651
}