{
  "organoid_id": "day4p5-more_C03_147",
  "surface_area": 287.68599557100265,
  "volume": 421.32275390625,
  "t_value": 1.0,
  "complexity": 2.4511445146235733
}