{
  "organoid_id": "day4p5-more_C01_66",
  "surface_area": 170.48381631550927,
  "volume": 203.439208984375,
  "t_value": 1.0,
  "complexity": 0.9844765712870728
}