{
  "organoid_id": "day4p5-more_C04_8",
  "surface_area": 111.1007598720853,
  "volume": 107.68572998046875,
  "t_value": 1.0,
  "complexity": 0.9823184956838852
}