{
  "organoid_id": "day4p5_A06_35",
  "surface_area": 238.42696792671754,
  "volume": 299.60125732421875,
  "t_value": 1.0,
  "complexity": 2.8473325729923222
}