{
  "organoid_id": "day4p5-more_C04_69",
  "surface_area": 191.03165718385037,
  "volume": 235.35000610351562,
  "t_value": 1.0,
  "complexity": 0.9999039442700276
}