{
  "organoid_id": "day4_B02_48",
  "surface_area": 171.70962076152693,
  "volume": 206.39309692382812,
  "t_value": 1.0,
  "complexity": 0.9808748956574634
}