{
  "organoid_id": "day4p5-more_C05_133",
  "surface_area": 384.5605038903445,
  "volume": 554.5497436523438,
  "t_value": 1.0,
  "complexity": 2.6180981644652306
}