{
  "organoid_id": "day4p5-more_C01_137",
  "surface_area": 160.15912166490034,
  "volume": 185.40203857421875,
  "t_value": 1.0,
  "complexity": 0.981564048958199
}