{
  "organoid_id": "day4p5-more_C04_97",
  "surface_area": 453.9464151065215,
  "volume": 690.0158081054688,
  "t_value": 1.0,
  "complexity": 3.296560015442147
}