{
  "organoid_id": "day4_A06_81",
  "surface_area": 262.533088467853,
  "volume": 350.0856628417969,
  "t_value": 1.0,
  "complexity": 3.4576417444008656
}