{
  "organoid_id": "day4_A06_11",
  "surface_area": 210.3044561161244,
  "volume": 243.03936767578125,
  "t_value": 1.0,
  "complexity": 2.698312805323068
}