{
  "organoid_id": "day4p5-more_C02_96",
  "surface_area": 330.6069164266836,
  "volume": 419.8711853027344,
  "t_value": 1.0,
  "complexity": 2.4847686250533125
}