{
  "organoid_id": "day4_A06_10",
  "surface_area": 152.4974244941123,
  "volume": 171.08592224121094,
  "t_value": 1.0,
  "complexity": 0.9863448851554916
}