{
  "organoid_id": "day4p5_B06_78",
  "surface_area": 67.61119135196736,
  "volume": 51.10342025756836,
  "t_value": 1.0,
  "complexity": 0.9774016981629128
}