{
  "organoid_id": "day4p5-more_C06_106",
  "surface_area": 193.27953003448633,
  "volume": 245.20477294921875,
  "t_value": 1.0,
  "complexity": 0.9884171829084234
}