{
  "organoid_id": "day4_A05_12",
  "surface_area": 132.6461013965251,
  "volume": 132.8084259033203,
  "t_value": 1.0,
  "complexity": 2.418330906705679
}