{
  "organoid_id": "day4p5-more_C01_13",
  "surface_area": 125.3249217231203,
  "volume": 128.00819396972656,
  "t_value": 1.0,
  "complexity": 0.9843722904267648
}