{
  "organoid_id": "day4_A02_67",
  "surface_area": 239.8675852370865,
  "volume": 322.3236389160156,
  "t_value": 1.0,
  "complexity": 2.6931926607433057
}