{
  "organoid_id": "day4_A05_19",
  "surface_area": 178.35807589451233,
  "volume": 218.20506286621094,
  "t_value": 1.0,
  "complexity": 0.9801470124263209
}