{
  "organoid_id": "day4p5-more_C01_32",
  "surface_area": 117.30135522189713,
  "volume": 116.26715087890625,
  "t_value": 1.0,
  "complexity": 0.9816328413944556
}