{
  "organoid_id": "day4p5-more_C01_95",
  "surface_area": 245.36783019211643,
  "volume": 331.20782470703125,
  "t_value": 1.0,
  "complexity": 2.435184814826819
}