{
  "organoid_id": "day4p5-more_C03_107",
  "surface_area": 121.87851252147193,
  "volume": 121.423828125,
  "t_value": 1.0,
  "complexity": 0.9926084514845448
}