{
  "organoid_id": "day4p5_A06_14",
  "surface_area": 372.7337830332986,
  "volume": 604.8828735351562,
  "t_value": 1.0,
  "complexity": 2.79224968277396
}