{
  "organoid_id": "day4p5-more_C04_29",
  "surface_area": 156.5195931680473,
  "volume": 178.47830200195312,
  "t_value": 1.0,
  "complexity": 0.9833121218385852
}