{
  "organoid_id": "day4p5-more_C03_54",
  "surface_area": 368.35712157294546,
  "volume": 497.4659729003906,
  "t_value": 1.0,
  "complexity": 2.8588865307946563
}