{
  "organoid_id": "day4_A04_69",
  "surface_area": 179.41911223528547,
  "volume": 217.411865234375,
  "t_value": 1.0,
  "complexity": 0.998823609383214
}