{
  "organoid_id": "day4p5-more_C02_9",
  "surface_area": 336.1119267143769,
  "volume": 402.81573486328125,
  "t_value": 1.0,
  "complexity": 3.5075045435530887
}