{
  "organoid_id": "day4_A06_24",
  "surface_area": 228.11075523536027,
  "volume": 299.4281921386719,
  "t_value": 1.0,
  "complexity": 2.3211904069130926
}