{
  "organoid_id": "day4p5-more_C01_88",
  "surface_area": 339.27911503295746,
  "volume": 546.1527709960938,
  "t_value": 1.0,
  "complexity": 2.300021450883401
}