{
  "organoid_id": "day4p5-more_C05_48",
  "surface_area": 180.05396080828956,
  "volume": 205.62841796875,
  "t_value": 1.0,
  "complexity": 2.992177744859962
}