{
  "organoid_id": "day4p5_B06_114",
  "surface_area": 252.8641476932984,
  "volume": 366.0699157714844,
  "t_value": 1.0,
  "complexity": 0.9828465295901382
}