{
  "organoid_id": "day4_B02_3",
  "surface_area": 159.70626676027345,
  "volume": 90.82205200195312,
  "t_value": 1.0,
  "complexity": NaN
}