{
  "organoid_id": "day4_A02_64",
  "surface_area": 108.54004869190906,
  "volume": 104.3587646484375,
  "t_value": 1.0,
  "complexity": 0.9729961845592277
}