{
  "organoid_id": "day4p5-more_C05_26",
  "surface_area": 240.48333685117996,
  "volume": 284.26995849609375,
  "t_value": 1.0,
  "complexity": 4.0
}