{
  "organoid_id": "day4_A05_79",
  "surface_area": 312.4286573445605,
  "volume": 388.2005615234375,
  "t_value": 1.0,
  "complexity": 3.630543590662364
}