{
  "organoid_id": "day4p5-more_C01_122",
  "surface_area": 262.4023363234618,
  "volume": 312.28985595703125,
  "t_value": 1.0,
  "complexity": 2.872923157119852
}