{
  "organoid_id": "day4p5_A06_31",
  "surface_area": 561.4323973381765,
  "volume": 841.8494262695312,
  "t_value": 1.0,
  "complexity": 4.0
}