{
  "organoid_id": "day4p5-more_C02_74",
  "surface_area": 428.8019380320402,
  "volume": 580.2344360351562,
  "t_value": 1.0,
  "complexity": 3.22923274174194
}