{
  "organoid_id": "day4p5-more_C02_91",
  "surface_area": 172.02115892681175,
  "volume": 205.1755828857422,
  "t_value": 1.0,
  "complexity": 0.9890789716853794
}