{
  "organoid_id": "day4_B01_51",
  "surface_area": 366.2855650380833,
  "volume": 572.0537109375,
  "t_value": 1.0,
  "complexity": 2.7607398342005878
}