{
  "organoid_id": "day4p5_A06_61",
  "surface_area": 523.8089023566403,
  "volume": 759.5151977539062,
  "t_value": 1.0,
  "complexity": 3.1800702752028704
}