{
  "organoid_id": "day4p5-more_C03_163",
  "surface_area": 280.3571009425773,
  "volume": 430.1513671875,
  "t_value": 1.0,
  "complexity": 0.9793777139535256
}