{
  "organoid_id": "day4p5-more_C02_11",
  "surface_area": 257.97027109245846,
  "volume": 359.4894104003906,
  "t_value": 1.0,
  "complexity": 2.4568301122582725
}