{
  "organoid_id": "day4_A02_66",
  "surface_area": 135.77186235781065,
  "volume": 147.0852813720703,
  "t_value": 1.0,
  "complexity": 0.9653608666239786
}