{
  "organoid_id": "day4p5-more_C05_131",
  "surface_area": 417.858141849132,
  "volume": 494.8960876464844,
  "t_value": 1.0,
  "complexity": NaN
}