{
  "organoid_id": "day4p5-more_C05_21",
  "surface_area": 323.02033591233686,
  "volume": 390.05706787109375,
  "t_value": 1.0,
  "complexity": NaN
}