{
  "organoid_id": "day4p5-more_C03_129",
  "surface_area": 206.10063581160261,
  "volume": 264.1948547363281,
  "t_value": 1.0,
  "complexity": 2.0142663819660096
}