{
  "organoid_id": "day4p5-more_C01_120",
  "surface_area": 257.12395707823487,
  "volume": 310.6709899902344,
  "t_value": 1.0,
  "complexity": 3.55470141380794
}