{
  "organoid_id": "day4_A06_72",
  "surface_area": 295.71494080242803,
  "volume": 453.1210021972656,
  "t_value": 1.0,
  "complexity": 0.9948317512282884
}