{
  "organoid_id": "day4_A03_11",
  "surface_area": 222.11592848389455,
  "volume": 289.9974365234375,
  "t_value": 1.0,
  "complexity": 2.365184844311775
}