{
  "organoid_id": "day4p5-more_C02_60",
  "surface_area": 118.53397668966261,
  "volume": 117.10110473632812,
  "t_value": 1.0,
  "complexity": 0.995819910505906
}