{
  "organoid_id": "day4_A02_12",
  "surface_area": 182.30690685576866,
  "volume": 210.9972381591797,
  "t_value": 1.0,
  "complexity": 2.815955555126794
}