{
  "organoid_id": "day4p5_A06_2",
  "surface_area": 247.54520481821675,
  "volume": 332.3907775878906,
  "t_value": 1.0,
  "complexity": 2.50228135246503
}