{
  "organoid_id": "day4_A06_85",
  "surface_area": 176.82224570794588,
  "volume": 212.0336456298828,
  "t_value": 1.0,
  "complexity": 0.9981813697287942
}