{
  "organoid_id": "day4_A06_45",
  "surface_area": 146.96987882772362,
  "volume": 158.65806579589844,
  "t_value": 1.0,
  "complexity": 2.1470350301157426
}