{
  "organoid_id": "day4p5-more_C03_90",
  "surface_area": 457.5482984281468,
  "volume": 369.70062255859375,
  "t_value": 1.0,
  "complexity": NaN
}