{
  "organoid_id": "day4p5-more_C01_79",
  "surface_area": 192.69568852208795,
  "volume": 239.91905212402344,
  "t_value": 1.0,
  "complexity": 0.9955212844785272
}