{
  "organoid_id": "day4p5-more_C02_64",
  "surface_area": 438.58951619480877,
  "volume": 582.6341552734375,
  "t_value": 1.0,
  "complexity": 3.1930108009852667
}