{
  "organoid_id": "day4p5-more_C02_69",
  "surface_area": 161.01902111745875,
  "volume": 185.85943603515625,
  "t_value": 1.0,
  "complexity": 0.9843730321991768
}