{
  "organoid_id": "day4p5-more_C05_122",
  "surface_area": 253.79888191976306,
  "volume": 331.26666259765625,
  "t_value": 1.0,
  "complexity": 3.32156409608287
}