{
  "organoid_id": "day4p5-more_C02_118",
  "surface_area": 125.1875952925237,
  "volume": 126.80255126953125,
  "t_value": 1.0,
  "complexity": 0.9880293565202164
}