{
  "organoid_id": "day4_A05_58",
  "surface_area": 88.68039348819575,
  "volume": 77.25184631347656,
  "t_value": 1.0,
  "complexity": 0.9707653407866352
}