{
  "organoid_id": "day4p5-more_C03_14",
  "surface_area": 386.9460971336251,
  "volume": 362.3023376464844,
  "t_value": 1.0,
  "complexity": NaN
}