{
  "organoid_id": "day4p5_A06_21",
  "surface_area": 237.23315122529445,
  "volume": 314.88348388671875,
  "t_value": 1.0,
  "complexity": 2.61895011331331
}