{
  "organoid_id": "day4p5_B06_14",
  "surface_area": 293.08990129637493,
  "volume": 426.751220703125,
  "t_value": 1.0,
  "complexity": 2.4705312547050675
}