{
  "organoid_id": "day4_A03_10",
  "surface_area": 279.5700169590338,
  "volume": 396.728271484375,
  "t_value": 1.0,
  "complexity": 3.150911193811157
}