{
  "organoid_id": "day4_B01_68",
  "surface_area": 227.49813202309286,
  "volume": 308.84710693359375,
  "t_value": 1.0,
  "complexity": 0.990626529259758
}