{
  "organoid_id": "day4p5-more_C02_43",
  "surface_area": 297.4449554922534,
  "volume": 424.86181640625,
  "t_value": 1.0,
  "complexity": 2.5696619434251025
}