{
  "organoid_id": "day4_A05_66",
  "surface_area": 208.47964395427067,
  "volume": 237.68167114257812,
  "t_value": 1.0,
  "complexity": 2.875739939419024
}