{
  "organoid_id": "day4p5-more_C03_35",
  "surface_area": 254.66322222766598,
  "volume": 333.4315490722656,
  "t_value": 1.0,
  "complexity": 2.863821489651873
}