{
  "organoid_id": "day4_A05_41",
  "surface_area": 175.28251433203175,
  "volume": 208.7430419921875,
  "t_value": 1.0,
  "complexity": 2.047969830850364
}