{
  "organoid_id": "day4p5-more_C05_127",
  "surface_area": 399.37901095552985,
  "volume": 448.25701904296875,
  "t_value": 1.0,
  "complexity": NaN
}