{
  "organoid_id": "day4p5-more_C02_20",
  "surface_area": 157.545478078887,
  "volume": 182.87037658691406,
  "t_value": 1.0,
  "complexity": 0.9725270767175536
}