{
  "organoid_id": "day4p5-more_C03_43",
  "surface_area": 161.89630780637654,
  "volume": 175.1188507080078,
  "t_value": 1.0,
  "complexity": 3.410857715899447
}