{
  "organoid_id": "day4p5-more_C06_60",
  "surface_area": 183.42708774291344,
  "volume": 217.19461059570312,
  "t_value": 1.0,
  "complexity": 2.38144742687081
}