{
  "organoid_id": "day4p5-more_C03_31",
  "surface_area": 219.9128903152863,
  "volume": 279.358642578125,
  "t_value": 1.0,
  "complexity": 2.3178208014620374
}