{
  "organoid_id": "day4_B01_47",
  "surface_area": 128.5858404324895,
  "volume": 126.85148620605469,
  "t_value": 1.0,
  "complexity": 2.700596376282967
}