{
  "organoid_id": "day4p5-more_C03_17",
  "surface_area": 201.24908340606208,
  "volume": 223.2185821533203,
  "t_value": 1.0,
  "complexity": NaN
}