{
  "organoid_id": "day4p5-more_C01_123",
  "surface_area": 218.73860803692037,
  "volume": 285.46051025390625,
  "t_value": 1.0,
  "complexity": 2.4039597614075383
}