{
  "organoid_id": "day4p5-more_C02_66",
  "surface_area": 101.7337715389376,
  "volume": 95.35848999023438,
  "t_value": 1.0,
  "complexity": 0.9700313151664304
}