{
  "organoid_id": "day4p5-more_C03_122",
  "surface_area": 79.47084750233189,
  "volume": 64.58122253417969,
  "t_value": 1.0,
  "complexity": 0.9810298220136014
}