{
  "organoid_id": "day4p5-more_C06_140",
  "surface_area": 226.5045717003893,
  "volume": 222.02529907226562,
  "t_value": 1.0,
  "complexity": NaN
}