{
  "organoid_id": "day4_A05_35",
  "surface_area": 277.6588882759569,
  "volume": 424.52130126953125,
  "t_value": 1.0,
  "complexity": 0.9800232749373144
}