{
  "organoid_id": "day4_A02_6",
  "surface_area": 374.2117022189442,
  "volume": 556.3026123046875,
  "t_value": 1.0,
  "complexity": 2.917647357437069
}