{
  "organoid_id": "day4p5-more_C01_51",
  "surface_area": 70.97172431976092,
  "volume": 53.8366813659668,
  "t_value": 1.0,
  "complexity": 2.061076203668046
}