{
  "organoid_id": "day4_B02_11",
  "surface_area": 233.62695724907172,
  "volume": 304.886962890625,
  "t_value": 1.0,
  "complexity": 3.4838321596761808
}