{
  "organoid_id": "day4p5_B06_117",
  "surface_area": 264.4089398789814,
  "volume": 306.29150390625,
  "t_value": 1.0,
  "complexity": 3.816117356828938
}