{
  "organoid_id": "day4_A03_3",
  "surface_area": 330.0729273325965,
  "volume": 441.4229431152344,
  "t_value": 1.0,
  "complexity": 4.0
}