{
  "organoid_id": "day4p5-more_C04_70",
  "surface_area": 797.18361492773,
  "volume": 1341.0047607421875,
  "t_value": 1.0,
  "complexity": NaN
}