{
  "organoid_id": "day4p5-more_C02_116",
  "surface_area": 210.9649584590229,
  "volume": 276.82330322265625,
  "t_value": 1.0,
  "complexity": 0.9942268438266698
}