{
  "organoid_id": "day4p5_A06_48",
  "surface_area": 263.7564550805248,
  "volume": 381.50592041015625,
  "t_value": 1.0,
  "complexity": 0.999024797181528
}