{
  "organoid_id": "day4p5_A06_20",
  "surface_area": 291.5844525841189,
  "volume": 344.98992919921875,
  "t_value": 1.0,
  "complexity": 2.338423248691097
}