{
  "organoid_id": "day4p5-more_C05_85",
  "surface_area": 296.65111226701015,
  "volume": 450.5955810546875,
  "t_value": 1.0,
  "complexity": 0.9998918360876756
}