{
  "organoid_id": "day4p5_A06_23",
  "surface_area": 409.18515466321537,
  "volume": 570.6778564453125,
  "t_value": 1.0,
  "complexity": 2.924218660031834
}