{
  "organoid_id": "day4p5_B06_4",
  "surface_area": 240.96541361751125,
  "volume": 323.148681640625,
  "t_value": 1.0,
  "complexity": 2.588420821156076
}