{
  "organoid_id": "day4_B02_35",
  "surface_area": 404.1890220037486,
  "volume": 627.1283569335938,
  "t_value": 1.0,
  "complexity": 3.583483729673822
}