{
  "organoid_id": "day4p5-more_C06_62",
  "surface_area": 247.08627572368235,
  "volume": 294.276123046875,
  "t_value": 1.0,
  "complexity": 3.459127578619358
}