{
  "organoid_id": "day4p5-more_C02_67",
  "surface_area": 221.2443040877775,
  "volume": 291.0994567871094,
  "t_value": 1.0,
  "complexity": 2.173015160797416
}