{
  "organoid_id": "day4_B01_81",
  "surface_area": 130.77731785698214,
  "volume": 136.00091552734375,
  "t_value": 1.0,
  "complexity": 0.9923778287821102
}