{
  "organoid_id": "day4p5-more_C01_78",
  "surface_area": 467.45071143964617,
  "volume": 413.6370544433594,
  "t_value": 1.0,
  "complexity": NaN
}