{
  "organoid_id": "day4p5_B06_60",
  "surface_area": 110.43984994850182,
  "volume": 106.951904296875,
  "t_value": 1.0,
  "complexity": 0.9729889240422094
}