{
  "organoid_id": "day4p5-more_C04_118",
  "surface_area": 274.78362513674256,
  "volume": 401.20745849609375,
  "t_value": 1.0,
  "complexity": 2.045901909685968
}