{
  "organoid_id": "day4p5_A06_67",
  "surface_area": 296.0688241841383,
  "volume": 410.0342712402344,
  "t_value": 1.0,
  "complexity": 2.680099368553763
}