{
  "organoid_id": "day4_A04_23",
  "surface_area": 208.31550792541967,
  "volume": 266.27386474609375,
  "t_value": 1.0,
  "complexity": 2.309768052779415
}