{
  "organoid_id": "day4p5-more_C04_126",
  "surface_area": 97.0305695350415,
  "volume": 85.99398803710938,
  "t_value": 1.0,
  "complexity": 2.035579263642389
}