{
  "organoid_id": "day4_A04_91",
  "surface_area": 88.90026254937871,
  "volume": 77.59318542480469,
  "t_value": 1.0,
  "complexity": 0.968914405025317
}