{
  "organoid_id": "day4_A02_76",
  "surface_area": 191.1054723527193,
  "volume": 221.46507263183594,
  "t_value": 1.0,
  "complexity": NaN
}