{
  "organoid_id": "day4p5-more_C05_121",
  "surface_area": 350.08881667237245,
  "volume": 514.00048828125,
  "t_value": 1.0,
  "complexity": 3.2713001251860208
}