{
  "organoid_id": "day4p5-more_C02_4",
  "surface_area": 272.3615243252792,
  "volume": 338.5177001953125,
  "t_value": 1.0,
  "complexity": 2.8870155729693665
}