{
  "organoid_id": "day4p5-more_C02_127",
  "surface_area": 186.19745073426972,
  "volume": 183.54095458984375,
  "t_value": 1.0,
  "complexity": NaN
}