{
  "organoid_id": "day4p5-more_C05_130",
  "surface_area": 100.08725574372161,
  "volume": 92.86471557617188,
  "t_value": 1.0,
  "complexity": 0.9714146743212712
}