{
  "organoid_id": "day4_B02_62",
  "surface_area": 253.14738069769479,
  "volume": 350.6111755371094,
  "t_value": 1.0,
  "complexity": 2.425634135383244
}