{
  "organoid_id": "day4p5-more_C05_35",
  "surface_area": 247.1845485006507,
  "volume": 339.7679138183594,
  "t_value": 1.0,
  "complexity": 2.4321047004001777
}