{
  "organoid_id": "day4p5-more_C03_74",
  "surface_area": 116.94205341122347,
  "volume": 113.95545196533203,
  "t_value": 1.0,
  "complexity": 0.9905003677706524
}