{
  "organoid_id": "day4_A04_27",
  "surface_area": 165.92747578876484,
  "volume": 194.67739868164062,
  "t_value": 1.0,
  "complexity": 0.98217226914916
}