{
  "organoid_id": "day4_A06_62",
  "surface_area": 203.12373418403325,
  "volume": 232.8035888671875,
  "t_value": 1.0,
  "complexity": 3.733816481211176
}