{
  "organoid_id": "day4_B02_14",
  "surface_area": 300.2438212441754,
  "volume": 150.26995849609375,
  "t_value": 1.0,
  "complexity": NaN
}