{
  "organoid_id": "day4_A06_63",
  "surface_area": 209.93069983072678,
  "volume": 268.78887939453125,
  "t_value": 1.0,
  "complexity": 2.2767754701880727
}