{
  "organoid_id": "day4p5_A06_22",
  "surface_area": 341.95566350045584,
  "volume": 498.11029052734375,
  "t_value": 1.0,
  "complexity": 2.728072035193648
}