{
  "organoid_id": "day4_A04_8",
  "surface_area": 283.00872498758497,
  "volume": 414.5621032714844,
  "t_value": 1.0,
  "complexity": 2.255634571382232
}