{
  "organoid_id": "day4p5-more_C01_54",
  "surface_area": 113.93461333078778,
  "volume": 110.37727355957031,
  "t_value": 1.0,
  "complexity": 0.9881706288338136
}