{
  "organoid_id": "day4p5-more_C02_92",
  "surface_area": 120.57992737886708,
  "volume": 123.27311706542969,
  "t_value": 1.0,
  "complexity": 0.9686836205326372
}