{
  "organoid_id": "day4p5-more_C01_44",
  "surface_area": 289.58542706548235,
  "volume": 389.048828125,
  "t_value": 1.0,
  "complexity": 2.8169467678277886
}