{
  "organoid_id": "day4p5-more_C02_36",
  "surface_area": 144.9396392937375,
  "volume": 155.19772338867188,
  "t_value": 1.0,
  "complexity": 1.3177318954177093
}