{
  "organoid_id": "day4_A04_68",
  "surface_area": 264.0298802051121,
  "volume": 295.6819763183594,
  "t_value": 1.0,
  "complexity": 3.1113738736548746
}