{
  "organoid_id": "day4p5-more_C03_1",
  "surface_area": 160.9858981848433,
  "volume": 182.0364532470703,
  "t_value": 1.0,
  "complexity": 2.1617369533146125
}