{
  "organoid_id": "day4p5_B06_44",
  "surface_area": 170.28864752259904,
  "volume": 197.57220458984375,
  "t_value": 1.0,
  "complexity": 0.9998509243247696
}