{
  "organoid_id": "day4_B02_33",
  "surface_area": 194.98566747470952,
  "volume": 213.97030639648438,
  "t_value": 1.0,
  "complexity": 2.8605947559704203
}