{
  "organoid_id": "day4p5_B06_88",
  "surface_area": 269.72032072514946,
  "volume": 397.0224609375,
  "t_value": 1.0,
  "complexity": 0.9975473969163124
}