{
  "organoid_id": "day4p5-more_C03_94",
  "surface_area": 298.16023954687006,
  "volume": 445.03955078125,
  "t_value": 1.0,
  "complexity": 2.496682113757891
}