{
  "organoid_id": "day4p5-more_C02_33",
  "surface_area": 173.11299785587858,
  "volume": 210.6098175048828,
  "t_value": 1.0,
  "complexity": 0.9754438525810468
}