{
  "organoid_id": "day4p5-more_C03_13",
  "surface_area": 236.4343524707459,
  "volume": 317.540283203125,
  "t_value": 1.0,
  "complexity": 2.2969513777091857
}