{
  "organoid_id": "day4p5_B06_89",
  "surface_area": 114.85311901004195,
  "volume": 113.37914276123047,
  "t_value": 1.0,
  "complexity": 0.9741038339626086
}