{
  "organoid_id": "day4p5-more_C04_112",
  "surface_area": 279.96976954561353,
  "volume": 418.37548828125,
  "t_value": 1.0,
  "complexity": 0.997513880617944
}