{
  "organoid_id": "day4_A06_30",
  "surface_area": 170.57772206944458,
  "volume": 193.638916015625,
  "t_value": 1.0,
  "complexity": 2.62697546727157
}