{
  "organoid_id": "day4p5-more_C01_82",
  "surface_area": 276.0187464144606,
  "volume": 347.577880859375,
  "t_value": 1.0,
  "complexity": 2.48177133789431
}