{
  "organoid_id": "day4p5_B06_75",
  "surface_area": 297.9385995419507,
  "volume": 417.1387023925781,
  "t_value": 1.0,
  "complexity": 2.855586626089913
}