{
  "organoid_id": "day4p5-more_C03_168",
  "surface_area": 261.588110550996,
  "volume": 381.5019226074219,
  "t_value": 1.0,
  "complexity": 0.9891818676501588
}