{
  "organoid_id": "day4p5-more_C02_37",
  "surface_area": 60.423367031460415,
  "volume": 43.50690841674805,
  "t_value": 1.0,
  "complexity": 0.9710610244644016
}