{
  "organoid_id": "day4_A05_72",
  "surface_area": 190.12813744711445,
  "volume": 233.62396240234375,
  "t_value": 1.0,
  "complexity": 2.230070910493997
}