{
  "organoid_id": "day4p5-more_C03_146",
  "surface_area": 475.83107209998195,
  "volume": 636.425048828125,
  "t_value": 1.0,
  "complexity": 3.6075978211148
}