{
  "organoid_id": "day4p5-more_C06_81",
  "surface_area": 83.84137724409135,
  "volume": 71.18862915039062,
  "t_value": 1.0,
  "complexity": 0.9716270078497686
}