{
  "organoid_id": "day4_A03_15",
  "surface_area": 208.83002434804467,
  "volume": 265.11456298828125,
  "t_value": 1.0,
  "complexity": 2.3675907504309235
}