{
  "organoid_id": "day4p5-more_C05_96",
  "surface_area": 100.62008158649698,
  "volume": 93.47637939453125,
  "t_value": 1.0,
  "complexity": 0.9721694848341536
}