{
  "organoid_id": "day4p5-more_C05_89",
  "surface_area": 135.3946983351869,
  "volume": 144.83074951171875,
  "t_value": 1.0,
  "complexity": 0.9770092732746564
}