{
  "organoid_id": "day4p5-more_C03_21",
  "surface_area": 230.11487765536683,
  "volume": 283.92694091796875,
  "t_value": 1.0,
  "complexity": 2.8022176603626927
}