{
  "organoid_id": "day4_A06_64",
  "surface_area": 205.30013934107785,
  "volume": 252.44912719726562,
  "t_value": 1.0,
  "complexity": 2.5595101119164703
}