{
  "organoid_id": "day4_A06_103",
  "surface_area": 138.66675605209875,
  "volume": 146.9497528076172,
  "t_value": 1.0,
  "complexity": 0.9865720154568666
}