{
  "organoid_id": "day4p5-more_C01_37",
  "surface_area": 281.32472779084395,
  "volume": 247.5229949951172,
  "t_value": 1.0,
  "complexity": NaN
}