{
  "organoid_id": "day4_A02_65",
  "surface_area": 139.90713963402132,
  "volume": 141.92611694335938,
  "t_value": 1.0,
  "complexity": 2.554394251162303
}