{
  "organoid_id": "day4p5-more_C05_106",
  "surface_area": 202.34084487812663,
  "volume": 216.25192260742188,
  "t_value": 1.0,
  "complexity": 3.5272621848127272
}