{
  "organoid_id": "day4_A06_82",
  "surface_area": 65.0898993816463,
  "volume": 48.25794982910156,
  "t_value": 1.0,
  "complexity": 0.9796637723202144
}