{
  "organoid_id": "day4p5-more_C04_85",
  "surface_area": 59.28340347737501,
  "volume": 42.296607971191406,
  "t_value": 1.0,
  "complexity": 0.9744043627899724
}