{
  "organoid_id": "day4_B02_78",
  "surface_area": 223.12406741229563,
  "volume": 296.3717041015625,
  "t_value": 1.0,
  "complexity": 2.230165488379994
}