{
  "organoid_id": "day4p5-more_C03_161",
  "surface_area": 405.141327451941,
  "volume": 504.0580749511719,
  "t_value": 1.0,
  "complexity": NaN
}