{
  "organoid_id": "day4_B02_20",
  "surface_area": 172.64452887392437,
  "volume": 204.3900146484375,
  "t_value": 1.0,
  "complexity": 2.1108087665923363
}