{
  "organoid_id": "day4p5-more_C06_103",
  "surface_area": 290.238095156592,
  "volume": 381.7361145019531,
  "t_value": 1.0,
  "complexity": 3.150317426432688
}