{
  "organoid_id": "day4p5-more_C04_2",
  "surface_area": 178.73748631735612,
  "volume": 220.24777221679688,
  "t_value": 1.0,
  "complexity": 0.9753011679535998
}