{
  "organoid_id": "day4p5-more_C02_28",
  "surface_area": 239.91620210930338,
  "volume": 322.48773193359375,
  "t_value": 1.0,
  "complexity": 2.442538380974205
}