{
  "organoid_id": "day4p5-more_C04_23",
  "surface_area": 288.42636611996295,
  "volume": 424.8145446777344,
  "t_value": 1.0,
  "complexity": 2.2669590001249964
}