{
  "organoid_id": "day4p5-more_C02_72",
  "surface_area": 242.14717823698518,
  "volume": 327.6079406738281,
  "t_value": 1.0,
  "complexity": 2.524064734308969
}