{
  "organoid_id": "day4_A06_61",
  "surface_area": 172.4762176430601,
  "volume": 181.44374084472656,
  "t_value": 1.0,
  "complexity": 3.647997535611728
}