{
  "organoid_id": "day4_A05_88",
  "surface_area": 273.45732763502184,
  "volume": 385.5316467285156,
  "t_value": 1.0,
  "complexity": 3.068985864258382
}