{
  "organoid_id": "day4_A04_17",
  "surface_area": 173.09307780800117,
  "volume": 206.56890869140625,
  "t_value": 1.0,
  "complexity": 0.985838285319067
}