{
  "organoid_id": "day4_A02_24",
  "surface_area": 185.1117154739991,
  "volume": 225.41958618164062,
  "t_value": 1.0,
  "complexity": 2.070567406438932
}