{
  "organoid_id": "day4_B02_47",
  "surface_area": 259.3406828195001,
  "volume": 273.14996337890625,
  "t_value": 1.0,
  "complexity": 3.400778571550224
}