{
  "organoid_id": "day4p5-more_C05_73",
  "surface_area": 272.36115483221414,
  "volume": 375.4332275390625,
  "t_value": 1.0,
  "complexity": 2.818396918724033
}