{
  "organoid_id": "day4p5-more_C05_100",
  "surface_area": 298.278046038439,
  "volume": 349.8433837890625,
  "t_value": 1.0,
  "complexity": 1.9336336754914336
}