{
  "organoid_id": "day4p5-more_C06_8",
  "surface_area": 321.9295893525828,
  "volume": 418.6659851074219,
  "t_value": 1.0,
  "complexity": 2.7334717825553017
}