{
  "organoid_id": "day4_A02_33",
  "surface_area": 89.49431858962703,
  "volume": 77.79704284667969,
  "t_value": 1.0,
  "complexity": 0.9733877975434986
}