{
  "organoid_id": "day4p5-more_C04_61",
  "surface_area": 318.9061045943992,
  "volume": 456.45770263671875,
  "t_value": 1.0,
  "complexity": 2.6887192779627545
}