{
  "organoid_id": "day4p5_A06_73",
  "surface_area": 303.49875968176724,
  "volume": 447.28009033203125,
  "t_value": 1.0,
  "complexity": 2.6876710198214995
}