{
  "organoid_id": "day4_A04_87",
  "surface_area": 271.22639661532793,
  "volume": 380.1407165527344,
  "t_value": 1.0,
  "complexity": 3.362578644483593
}