{
  "organoid_id": "day4p5-more_C05_124",
  "surface_area": 155.61000163541468,
  "volume": 176.54234313964844,
  "t_value": 1.0,
  "complexity": 0.9953929077370842
}