{
  "organoid_id": "day4p5-more_C01_36",
  "surface_area": 214.46599747943267,
  "volume": 287.2931213378906,
  "t_value": 1.0,
  "complexity": 0.984385628459604
}