{
  "organoid_id": "day4p5-more_C05_83",
  "surface_area": 74.25984397784708,
  "volume": 59.43797302246094,
  "t_value": 1.0,
  "complexity": 0.9701352283661032
}