{
  "organoid_id": "day4_A06_36",
  "surface_area": 179.202825953095,
  "volume": 210.4368896484375,
  "t_value": 1.0,
  "complexity": 2.343462097457137
}