{
  "organoid_id": "day4p5-more_C02_29",
  "surface_area": 77.19911003960615,
  "volume": 62.27511978149414,
  "t_value": 1.0,
  "complexity": 0.9780790200706116
}