{
  "organoid_id": "day4p5-more_C06_164",
  "surface_area": 185.18332222356537,
  "volume": 208.36854553222656,
  "t_value": 1.0,
  "complexity": 2.83192724397027
}