{
  "organoid_id": "day4p5_B06_23",
  "surface_area": 252.79721489152044,
  "volume": 304.45440673828125,
  "t_value": 1.0,
  "complexity": 2.956341761268362
}