{
  "organoid_id": "day4p5-more_C03_64",
  "surface_area": 335.7166730752667,
  "volume": 452.25701904296875,
  "t_value": 1.0,
  "complexity": NaN
}