{
  "organoid_id": "day4_A04_24",
  "surface_area": 324.08081311626637,
  "volume": 277.74609375,
  "t_value": 1.0,
  "complexity": NaN
}