{
  "organoid_id": "day4p5-more_C01_93",
  "surface_area": 216.8012250142048,
  "volume": 219.22738647460938,
  "t_value": 1.0,
  "complexity": NaN
}