{
  "organoid_id": "day4_A02_32",
  "surface_area": 185.77373212064248,
  "volume": 224.48260498046875,
  "t_value": 1.0,
  "complexity": 2.282759259220012
}