{
  "organoid_id": "day4p5-more_C03_127",
  "surface_area": 283.2169254941602,
  "volume": 419.7923889160156,
  "t_value": 1.0,
  "complexity": 2.0759637677870284
}