{
  "organoid_id": "day4_A04_84",
  "surface_area": 238.7404646791238,
  "volume": 329.753173828125,
  "t_value": 1.0,
  "complexity": 2.031930233449249
}