{
  "organoid_id": "day4p5-more_C01_114",
  "surface_area": 179.29869954013392,
  "volume": 219.6177520751953,
  "t_value": 1.0,
  "complexity": 0.9805383612044832
}