{
  "organoid_id": "day4_A06_75",
  "surface_area": 244.22648000794982,
  "volume": 336.1125793457031,
  "t_value": 1.0,
  "complexity": 2.4080964878384408
}