{
  "organoid_id": "day4_A04_92",
  "surface_area": 227.31984584942498,
  "volume": 306.7254638671875,
  "t_value": 1.0,
  "complexity": 2.029090820113101
}