{
  "organoid_id": "day4p5-more_C03_9",
  "surface_area": 238.12529677449191,
  "volume": 331.2270202636719,
  "t_value": 1.0,
  "complexity": 0.9966842790366902
}