{
  "organoid_id": "day4_B01_44",
  "surface_area": 282.79599264054207,
  "volume": 303.4214782714844,
  "t_value": 1.0,
  "complexity": NaN
}