{
  "organoid_id": "day4p5-more_C02_106",
  "surface_area": 112.17424692587593,
  "volume": 110.27447509765625,
  "t_value": 1.0,
  "complexity": 0.9692053584578476
}