{
  "organoid_id": "day4p5-more_C01_40",
  "surface_area": 406.8741957455535,
  "volume": 649.2742309570312,
  "t_value": 1.0,
  "complexity": 2.5764751194965627
}