{
  "organoid_id": "day4p5-more_C03_87",
  "surface_area": 238.886154240561,
  "volume": 312.7472839355469,
  "t_value": 1.0,
  "complexity": 2.5969047301284767
}