{
  "organoid_id": "day4_A05_85",
  "surface_area": 209.54982783125786,
  "volume": 261.988037109375,
  "t_value": 1.0,
  "complexity": 3.190804293629357
}