{
  "organoid_id": "day4_B01_90",
  "surface_area": 168.0052504649105,
  "volume": 191.4906005859375,
  "t_value": 1.0,
  "complexity": 2.185497450551316
}