{
  "organoid_id": "day4p5-more_C04_78",
  "surface_area": 101.01955481445019,
  "volume": 94.34110260009766,
  "t_value": 1.0,
  "complexity": 0.9682173451353672
}