{
  "organoid_id": "day4p5-more_C05_34",
  "surface_area": 183.54642436274733,
  "volume": 225.10113525390625,
  "t_value": 1.0,
  "complexity": 0.9930973747082616
}