{
  "organoid_id": "day4p5_B06_123",
  "surface_area": 348.65155865984167,
  "volume": 571.8057250976562,
  "t_value": 1.0,
  "complexity": 2.0669266247710354
}