{
  "organoid_id": "day4p5-more_C06_152",
  "surface_area": 81.51841158151805,
  "volume": 65.89276123046875,
  "t_value": 1.0,
  "complexity": 2.1265750317838417
}