{
  "organoid_id": "day4p5-more_C06_150",
  "surface_area": 156.10119485035833,
  "volume": 173.0943145751953,
  "t_value": 1.0,
  "complexity": 2.3295353760352677
}