{
  "organoid_id": "day4p5-more_C03_145",
  "surface_area": 137.48285593871776,
  "volume": 148.2281951904297,
  "t_value": 1.0,
  "complexity": 0.9811312195970656
}