{
  "organoid_id": "day4p5-more_C06_165",
  "surface_area": 228.2824470557762,
  "volume": 311.8829650878906,
  "t_value": 1.0,
  "complexity": 0.9931056211848066
}