{
  "organoid_id": "day4p5_A06_54",
  "surface_area": 258.5396067004898,
  "volume": 365.3075866699219,
  "t_value": 1.0,
  "complexity": 2.3926694532067945
}