{
  "organoid_id": "day4_A05_22",
  "surface_area": 84.1518672411332,
  "volume": 70.86341094970703,
  "t_value": 1.0,
  "complexity": 0.9808513385316464
}