{
  "organoid_id": "day4p5-more_C04_26",
  "surface_area": 118.06297740768917,
  "volume": 117.88423919677734,
  "t_value": 1.0,
  "complexity": 0.9807330529283113
}