{
  "organoid_id": "day4p5-more_C03_19",
  "surface_area": 360.3475820271362,
  "volume": 370.2051086425781,
  "t_value": 1.0,
  "complexity": NaN
}