{
  "organoid_id": "day4p5-more_C01_34",
  "surface_area": 232.8168342968819,
  "volume": 296.7879638671875,
  "t_value": 1.0,
  "complexity": 2.648092836182448
}