{
  "organoid_id": "day4_A06_47",
  "surface_area": 167.2541949216575,
  "volume": 200.1374969482422,
  "t_value": 1.0,
  "complexity": 0.972852219147358
}