{
  "organoid_id": "day4_A02_14",
  "surface_area": 194.77573246314705,
  "volume": 239.06802368164062,
  "t_value": 1.0,
  "complexity": 2.3587497357255787
}