{
  "organoid_id": "day4p5_B06_51",
  "surface_area": 492.1218716691487,
  "volume": 694.1075439453125,
  "t_value": 1.0,
  "complexity": 3.553821348520158
}