{
  "organoid_id": "day4p5_A06_53",
  "surface_area": 270.17580726384097,
  "volume": 318.2352294921875,
  "t_value": 1.0,
  "complexity": 2.674911435276804
}