{
  "organoid_id": "day4_A02_55",
  "surface_area": 206.81920169407658,
  "volume": 268.39630126953125,
  "t_value": 1.0,
  "complexity": 1.2445995405331651
}