{
  "organoid_id": "day4p5-more_C03_11",
  "surface_area": 451.10442702935995,
  "volume": 408.8738708496094,
  "t_value": 1.0,
  "complexity": NaN
}