{
  "organoid_id": "day4p5-more_C06_175",
  "surface_area": 245.53455937456758,
  "volume": 307.84918212890625,
  "t_value": 1.0,
  "complexity": NaN
}