{
  "organoid_id": "day4p5-more_C02_134",
  "surface_area": 337.70707837122814,
  "volume": 412.07708740234375,
  "t_value": 1.0,
  "complexity": 3.490789948815515
}