{
  "organoid_id": "day4p5-more_C03_108",
  "surface_area": 382.0088280883205,
  "volume": 582.874267578125,
  "t_value": 1.0,
  "complexity": 3.0362313556903957
}