{
  "organoid_id": "day4_A05_68",
  "surface_area": 162.3355142276338,
  "volume": 188.7781982421875,
  "t_value": 1.0,
  "complexity": 0.9830140130886864
}