{
  "organoid_id": "day4p5-more_C03_52",
  "surface_area": 264.39964551866336,
  "volume": 328.1437072753906,
  "t_value": 1.0,
  "complexity": 3.408702414706986
}