{
  "organoid_id": "day4p5-more_C05_51",
  "surface_area": 61.34751554169912,
  "volume": 44.51238250732422,
  "t_value": 1.0,
  "complexity": 0.9720362449356666
}