{
  "organoid_id": "day4_A04_67",
  "surface_area": 228.50236359671095,
  "volume": 302.0316162109375,
  "t_value": 1.0,
  "complexity": 2.381358189267282
}