{
  "organoid_id": "day4p5-more_C04_46",
  "surface_area": 366.42540470465275,
  "volume": 596.0977783203125,
  "t_value": 1.0,
  "complexity": 2.5553687277464188
}