{
  "organoid_id": "day4p5-more_C04_54",
  "surface_area": 232.12844062384283,
  "volume": 316.9928894042969,
  "t_value": 1.0,
  "complexity": 1.631092946786724
}