{
  "organoid_id": "day4p5-more_C02_58",
  "surface_area": 174.6007606630496,
  "volume": 213.75048828125,
  "t_value": 1.0,
  "complexity": 0.973050728442962
}