{
  "organoid_id": "day4p5-more_C01_16",
  "surface_area": 287.0779074838258,
  "volume": 367.8710632324219,
  "t_value": 1.0,
  "complexity": 2.8171529405159363
}