{
  "organoid_id": "day4p5_B06_34",
  "surface_area": 299.83272655855046,
  "volume": 431.0014953613281,
  "t_value": 1.0,
  "complexity": 3.178385360948848
}