{
  "organoid_id": "day4p5_A06_28",
  "surface_area": 93.42679446187132,
  "volume": 82.44283294677734,
  "t_value": 1.0,
  "complexity": 0.9823977276155096
}