{
  "organoid_id": "day4_B01_88",
  "surface_area": 365.00881849203597,
  "volume": 512.5386962890625,
  "t_value": 1.0,
  "complexity": 3.99250926706384
}