{
  "organoid_id": "day4p5-more_C05_99",
  "surface_area": 88.54966430362597,
  "volume": 73.94712829589844,
  "t_value": 1.0,
  "complexity": 0.9986616386476704
}