{
  "organoid_id": "day4p5-more_C03_173",
  "surface_area": 248.970352830926,
  "volume": 339.8873596191406,
  "t_value": 1.0,
  "complexity": 2.345626958275622
}