{
  "organoid_id": "day4p5-more_C04_14",
  "surface_area": 407.5747743249772,
  "volume": 392.8707580566406,
  "t_value": 1.0,
  "complexity": NaN
}