{
  "organoid_id": "day4_A02_34",
  "surface_area": 260.7151791615662,
  "volume": 346.8844909667969,
  "t_value": 1.0,
  "complexity": 2.66371709667083
}