{
  "organoid_id": "day4p5-more_C04_100",
  "surface_area": 574.014551716853,
  "volume": 800.2833862304688,
  "t_value": 1.0,
  "complexity": 3.866761811696016
}