{
  "organoid_id": "day4_B01_62",
  "surface_area": 314.4641086331493,
  "volume": 391.66265869140625,
  "t_value": 1.0,
  "complexity": 3.091903590791932
}