{
  "organoid_id": "day4_A06_5",
  "surface_area": 161.0110053464039,
  "volume": 172.61083984375,
  "t_value": 1.0,
  "complexity": 2.9188709740852783
}