{
  "organoid_id": "day4p5-more_C05_110",
  "surface_area": 258.23434776799485,
  "volume": 337.61328125,
  "t_value": 1.0,
  "complexity": 2.812051207049095
}