{
  "organoid_id": "day4p5-more_C03_60",
  "surface_area": 76.6205702755401,
  "volume": 30.790706634521484,
  "t_value": 1.0,
  "complexity": NaN
}