{
  "organoid_id": "day4p5-more_C01_77",
  "surface_area": 163.11254413175428,
  "volume": 187.74806213378906,
  "t_value": 1.0,
  "complexity": 2.00468336240098
}