{
  "organoid_id": "day4p5-more_C02_18",
  "surface_area": 167.22201586339474,
  "volume": 199.1834259033203,
  "t_value": 1.0,
  "complexity": 0.9776173851874636
}