{
  "organoid_id": "day4_A04_73",
  "surface_area": 173.67745677181884,
  "volume": 209.7631378173828,
  "t_value": 1.0,
  "complexity": 0.978802147770108
}