{
  "organoid_id": "day4p5-more_C06_75",
  "surface_area": 294.9148760144096,
  "volume": 449.37396240234375,
  "t_value": 1.0,
  "complexity": 2.1797691206184715
}