{
  "organoid_id": "day4_B02_19",
  "surface_area": 221.4542065431948,
  "volume": 288.48779296875,
  "t_value": 1.0,
  "complexity": 2.400891913038961
}