{
  "organoid_id": "day4_B01_54",
  "surface_area": 397.9578249532555,
  "volume": 663.4576416015625,
  "t_value": 1.0,
  "complexity": 3.177333872858812
}