{
  "organoid_id": "day4_B02_95",
  "surface_area": 130.51086310319238,
  "volume": 135.9232940673828,
  "t_value": 1.0,
  "complexity": 0.9803620170664518
}