{
  "organoid_id": "day4_A04_18",
  "surface_area": 254.80487005681974,
  "volume": 347.5414733886719,
  "t_value": 1.0,
  "complexity": 2.726248084315512
}