{
  "organoid_id": "day4_A02_30",
  "surface_area": 141.9445387880017,
  "volume": 155.63787841796875,
  "t_value": 1.0,
  "complexity": 0.9734552412314532
}