{
  "organoid_id": "day4_A06_14",
  "surface_area": 201.17757378763952,
  "volume": 239.38409423828125,
  "t_value": 1.0,
  "complexity": 2.7906830264797544
}