{
  "organoid_id": "day4p5-more_C05_18",
  "surface_area": 160.06518053225406,
  "volume": 164.1831817626953,
  "t_value": 1.0,
  "complexity": 2.7377122093458808
}