{
  "organoid_id": "day4p5-more_C05_20",
  "surface_area": 233.81406074428054,
  "volume": 323.320556640625,
  "t_value": 1.0,
  "complexity": 0.9878955073404898
}