{
  "organoid_id": "day4_B01_30",
  "surface_area": 155.58350646167327,
  "volume": 180.1324462890625,
  "t_value": 1.0,
  "complexity": 0.9667722038830198
}