{
  "organoid_id": "day4p5-more_C02_10",
  "surface_area": 243.7465482911077,
  "volume": 300.4804382324219,
  "t_value": 1.0,
  "complexity": 2.988309789221339
}