{
  "organoid_id": "day4p5_B06_59",
  "surface_area": 299.37308630164523,
  "volume": 422.3669128417969,
  "t_value": 1.0,
  "complexity": 2.664466964700653
}