{
  "organoid_id": "day4_B02_55",
  "surface_area": 204.42787954502813,
  "volume": 254.40745544433594,
  "t_value": 1.0,
  "complexity": 2.645881167344238
}