{
  "organoid_id": "day4p5-more_C06_64",
  "surface_area": 244.35095212445538,
  "volume": 278.40032958984375,
  "t_value": 1.0,
  "complexity": 2.8460814042699374
}