{
  "organoid_id": "day4p5-more_C02_59",
  "surface_area": 166.47916028027447,
  "volume": 193.12460327148438,
  "t_value": 1.0,
  "complexity": 0.9984408176404048
}