{
  "organoid_id": "day4_A02_13",
  "surface_area": 200.97950360563948,
  "volume": 257.04901123046875,
  "t_value": 1.0,
  "complexity": 0.9914514599972846
}