{
  "organoid_id": "day4_A04_9",
  "surface_area": 178.293306791397,
  "volume": 214.2379913330078,
  "t_value": 1.0,
  "complexity": 0.9994660495374724
}