{
  "organoid_id": "day4p5_B06_120",
  "surface_area": 361.2527178358933,
  "volume": 492.3526306152344,
  "t_value": 1.0,
  "complexity": 4.0
}