{
  "organoid_id": "day4p5-more_C06_139",
  "surface_area": 349.8753535471415,
  "volume": 478.7734375,
  "t_value": 1.0,
  "complexity": NaN
}