{
  "organoid_id": "day4_A06_20",
  "surface_area": 59.58092711248022,
  "volume": 42.493465423583984,
  "t_value": 1.0,
  "complexity": 0.9707878959948666
}