{
  "organoid_id": "day4p5_A06_25",
  "surface_area": 272.77289671440246,
  "volume": 402.8139343261719,
  "t_value": 1.0,
  "complexity": 1.592966991575805
}