{
  "organoid_id": "day4_A06_15",
  "surface_area": 209.793401798503,
  "volume": 256.4812927246094,
  "t_value": 1.0,
  "complexity": 2.7030646922561736
}