{
  "organoid_id": "day4p5-more_C02_27",
  "surface_area": 361.55289049234824,
  "volume": 459.6267395019531,
  "t_value": 1.0,
  "complexity": NaN
}