{
  "organoid_id": "day4p5-more_C05_129",
  "surface_area": 280.16689414643116,
  "volume": 416.3194274902344,
  "t_value": 1.0,
  "complexity": 2.1279675110455347
}