{
  "organoid_id": "day4p5_A06_41",
  "surface_area": 207.11860949714054,
  "volume": 253.54281616210938,
  "t_value": 1.0,
  "complexity": 3.612731762111341
}