{
  "organoid_id": "day4_A02_68",
  "surface_area": 221.82074726118555,
  "volume": 294.6789245605469,
  "t_value": 1.0,
  "complexity": 1.28740777472254
}