{
  "organoid_id": "day4_B02_2",
  "surface_area": 221.02803847786257,
  "volume": 283.07049560546875,
  "t_value": 1.0,
  "complexity": 2.786354406313865
}