{
  "organoid_id": "day4p5_B06_48",
  "surface_area": 682.4480745065015,
  "volume": 908.7868041992188,
  "t_value": 1.0,
  "complexity": NaN
}