{
  "organoid_id": "day4_A02_74",
  "surface_area": 259.5766317065717,
  "volume": 352.18560791015625,
  "t_value": 1.0,
  "complexity": 2.9964739057794687
}