{
  "organoid_id": "day4p5-more_C02_70",
  "surface_area": 379.47342894756366,
  "volume": 445.1424255371094,
  "t_value": 1.0,
  "complexity": 3.726390099764361
}