{
  "organoid_id": "day4_A06_53",
  "surface_area": 220.42448254649457,
  "volume": 290.5818176269531,
  "t_value": 1.0,
  "complexity": 2.2968012640371533
}