{
  "organoid_id": "day4_B01_100",
  "surface_area": 250.0029745340043,
  "volume": 341.8684387207031,
  "t_value": 1.0,
  "complexity": 2.441121817146093
}