{
  "organoid_id": "day4p5-more_C04_38",
  "surface_area": 93.53852269692487,
  "volume": 82.25873565673828,
  "t_value": 1.0,
  "complexity": 0.9882769761378196
}