{
  "organoid_id": "day4_B01_36",
  "surface_area": 193.06058740808274,
  "volume": 243.08905029296875,
  "t_value": 1.0,
  "complexity": 0.9885721131725256
}