{
  "organoid_id": "day4p5-more_C05_114",
  "surface_area": 358.75932048827923,
  "volume": 563.1640625,
  "t_value": 1.0,
  "complexity": 2.6240383286437505
}