{
  "organoid_id": "day4p5-more_C04_87",
  "surface_area": 340.5668524389039,
  "volume": 425.0813903808594,
  "t_value": 1.0,
  "complexity": 3.103650314173304
}