{
  "organoid_id": "day4p5_A06_18",
  "surface_area": 280.51487821731644,
  "volume": 317.44244384765625,
  "t_value": 1.0,
  "complexity": 2.958430881879051
}