{
  "organoid_id": "day4_B02_51",
  "surface_area": 192.33226706369535,
  "volume": 247.43682861328125,
  "t_value": 1.0,
  "complexity": 0.9678303938644708
}