{
  "organoid_id": "day4p5_B06_126",
  "surface_area": 256.7118649872026,
  "volume": 300.23919677734375,
  "t_value": 1.0,
  "complexity": 3.2513945837494544
}