{
  "organoid_id": "day4p5-more_C05_140",
  "surface_area": 215.8819543128459,
  "volume": 288.0780029296875,
  "t_value": 1.0,
  "complexity": 0.98812650647177
}