{
  "organoid_id": "day4p5-more_C03_159",
  "surface_area": 164.27983751415323,
  "volume": 172.076171875,
  "t_value": 1.0,
  "complexity": 2.8013609274320057
}