{
  "organoid_id": "day4_A05_57",
  "surface_area": 277.75855316510774,
  "volume": 394.3695373535156,
  "t_value": 1.0,
  "complexity": NaN
}