{
  "organoid_id": "day4_A03_7",
  "surface_area": 101.46845761579655,
  "volume": 94.29235076904297,
  "t_value": 1.0,
  "complexity": 0.975058290907296
}