{
  "organoid_id": "day4p5-more_C04_120",
  "surface_area": 225.6159360899407,
  "volume": 288.88134765625,
  "t_value": 1.0,
  "complexity": 2.6054174207237604
}