{
  "organoid_id": "day4p5_A06_42",
  "surface_area": 315.80860969308947,
  "volume": 443.01739501953125,
  "t_value": 1.0,
  "complexity": 2.903138660607126
}