{
  "organoid_id": "day4p5-more_C04_52",
  "surface_area": 235.8384971340219,
  "volume": 318.2558898925781,
  "t_value": 1.0,
  "complexity": 2.405084870600592
}