{
  "organoid_id": "day4p5-more_C05_112",
  "surface_area": 287.76610252529156,
  "volume": 404.59002685546875,
  "t_value": 1.0,
  "complexity": 2.65089600332338
}