{
  "organoid_id": "day4p5-more_C01_5",
  "surface_area": 266.2313590595577,
  "volume": 298.8439636230469,
  "t_value": 1.0,
  "complexity": NaN
}