{
  "organoid_id": "day4p5-more_C03_109",
  "surface_area": 174.7200130590771,
  "volume": 204.4647979736328,
  "t_value": 1.0,
  "complexity": 2.192752440653485
}