{
  "organoid_id": "day4p5-more_C02_48",
  "surface_area": 223.45220944777634,
  "volume": 301.533935546875,
  "t_value": 1.0,
  "complexity": 0.9927955429102616
}