{
  "organoid_id": "day4p5_B06_71",
  "surface_area": 475.5061284487906,
  "volume": 784.2931518554688,
  "t_value": 1.0,
  "complexity": 3.257971118899037
}