{
  "organoid_id": "day4p5-more_C04_57",
  "surface_area": 258.4152756099769,
  "volume": 369.8089904785156,
  "t_value": 1.0,
  "complexity": 1.519435320980665
}