{
  "organoid_id": "day4p5_A06_32",
  "surface_area": 363.98612575674315,
  "volume": 492.4205627441406,
  "t_value": 1.0,
  "complexity": 3.748067930671406
}