{
  "organoid_id": "day4p5-more_C02_51",
  "surface_area": 162.33802554047753,
  "volume": 191.7120819091797,
  "t_value": 1.0,
  "complexity": 0.9718795269680034
}