{
  "organoid_id": "day4p5-more_C04_77",
  "surface_area": 278.8414901205538,
  "volume": 412.76318359375,
  "t_value": 1.0,
  "complexity": 2.1874782940323056
}