{
  "organoid_id": "day4p5-more_C03_62",
  "surface_area": 368.89775158947896,
  "volume": 407.2166748046875,
  "t_value": 1.0,
  "complexity": NaN
}