{
  "organoid_id": "day4_A04_39",
  "surface_area": 231.08176591416822,
  "volume": 214.69851684570312,
  "t_value": 1.0,
  "complexity": NaN
}