{
  "organoid_id": "day4p5-more_C06_61",
  "surface_area": 79.50255460989482,
  "volume": 65.12278747558594,
  "t_value": 1.0,
  "complexity": 0.9769580903983762
}