{
  "organoid_id": "day4p5-more_C02_126",
  "surface_area": 240.08519872331576,
  "volume": 317.9244384765625,
  "t_value": 1.0,
  "complexity": 2.5787243861341405
}