{
  "organoid_id": "day4p5-more_C05_82",
  "surface_area": 230.8362350211977,
  "volume": 266.2171630859375,
  "t_value": 1.0,
  "complexity": NaN
}